user_id,cluster,rfm_label
U000001,0,潜力用户
U000002,0,潜力用户
U000003,1,一般用户
U000004,0,一般用户
U000005,1,一般用户
U000006,2,流失风险用户
U000007,0,一般用户
U000008,1,流失风险用户
U000009,2,流失风险用户
U000010,0,流失风险用户
U000011,0,高价值用户
U000012,1,高价值用户
U000013,0,一般用户
U000014,0,一般用户
U000015,0,一般用户
U000016,1,一般用户
U000017,0,高价值用户
U000018,0,一般用户
U000019,0,潜力用户
U000020,0,高价值用户
U000021,0,流失风险用户
U000022,0,流失风险用户
U000023,2,流失风险用户
U000024,1,流失风险用户
U000025,0,潜力用户
U000026,1,高价值用户
U000027,0,一般用户
U000028,0,一般用户
U000029,0,高价值用户
U000030,0,一般用户
U000031,0,潜力用户
U000032,0,流失风险用户
U000033,1,潜力用户
U000034,2,流失风险用户
U000035,1,高价值用户
U000036,0,一般用户
U000037,0,一般用户
U000038,1,潜力用户
U000039,0,潜力用户
U000040,0,高价值用户
U000041,1,潜力用户
U000042,0,潜力用户
U000043,0,一般用户
U000044,0,一般用户
U000045,0,潜力用户
U000046,1,潜力用户
U000047,1,一般用户
U000048,1,一般用户
U000049,0,潜力用户
U000050,0,一般用户
U000051,0,一般用户
U000052,0,一般用户
U000053,0,潜力用户
U000054,0,一般用户
U000055,0,流失风险用户
U000056,0,流失风险用户
U000057,0,一般用户
U000058,0,一般用户
U000059,0,一般用户
U000060,0,一般用户
U000061,0,一般用户
U000062,1,一般用户
U000063,0,一般用户
U000064,0,一般用户
U000065,0,一般用户
U000066,1,流失风险用户
U000067,0,潜力用户
U000068,0,潜力用户
U000069,0,一般用户
U000070,0,高价值用户
U000071,0,潜力用户
U000072,0,一般用户
U000073,2,流失风险用户
U000074,0,高价值用户
U000075,0,一般用户
U000076,2,流失风险用户
U000077,0,高价值用户
U000078,0,高价值用户
U000079,1,一般用户
U000080,0,高价值用户
U000081,0,潜力用户
U000082,0,流失风险用户
U000083,0,一般用户
U000084,2,流失风险用户
U000085,1,潜力用户
U000086,0,潜力用户
U000087,0,潜力用户
U000088,1,高价值用户
U000089,0,一般用户
U000090,0,一般用户
U000091,0,一般用户
U000092,1,潜力用户
U000093,2,流失风险用户
U000094,0,流失风险用户
U000095,2,流失风险用户
U000096,1,一般用户
U000097,0,高价值用户
U000098,0,潜力用户
U000099,0,高价值用户
U000100,0,潜力用户
U000101,1,潜力用户
U000102,0,高价值用户
U000103,0,流失风险用户
U000104,0,流失风险用户
U000105,0,潜力用户
U000106,0,高价值用户
U000107,0,潜力用户
U000108,1,一般用户
U000109,0,潜力用户
U000110,1,潜力用户
U000111,0,高价值用户
U000112,1,潜力用户
U000113,1,潜力用户
U000114,0,高价值用户
U000115,0,潜力用户
U000116,0,流失风险用户
U000117,0,潜力用户
U000118,0,高价值用户
U000119,2,流失风险用户
U000120,1,流失风险用户
U000121,1,高价值用户
U000122,0,潜力用户
U000123,1,流失风险用户
U000124,1,一般用户
U000125,0,潜力用户
U000126,0,高价值用户
U000127,1,一般用户
U000128,0,一般用户
U000129,1,高价值用户
U000130,2,流失风险用户
U000131,0,高价值用户
U000132,1,潜力用户
U000133,0,高价值用户
U000134,0,潜力用户
U000135,1,一般用户
U000136,0,潜力用户
U000137,0,流失风险用户
U000138,0,一般用户
U000139,0,高价值用户
U000140,0,一般用户
U000141,0,潜力用户
U000142,0,潜力用户
U000143,1,流失风险用户
U000144,0,潜力用户
U000145,0,一般用户
U000146,0,流失风险用户
U000147,1,流失风险用户
U000148,0,一般用户
U000149,0,一般用户
U000150,0,潜力用户
U000151,0,流失风险用户
U000152,0,潜力用户
U000153,1,潜力用户
U000154,1,高价值用户
U000155,2,流失风险用户
U000156,1,一般用户
U000157,2,流失风险用户
U000158,1,流失风险用户
U000159,0,潜力用户
U000160,0,高价值用户
U000161,0,高价值用户
U000162,1,潜力用户
U000163,1,一般用户
U000164,0,潜力用户
U000165,0,一般用户
U000166,0,潜力用户
U000167,2,流失风险用户
U000168,0,流失风险用户
U000169,1,流失风险用户
U000170,0,流失风险用户
U000171,2,流失风险用户
U000172,2,流失风险用户
U000173,0,高价值用户
U000174,0,潜力用户
U000175,0,潜力用户
U000176,1,一般用户
U000177,1,潜力用户
U000178,0,潜力用户
U000179,1,潜力用户
U000180,0,一般用户
U000181,0,流失风险用户
U000182,0,潜力用户
U000183,0,潜力用户
U000184,0,一般用户
U000185,2,流失风险用户
U000186,1,一般用户
U000187,1,高价值用户
U000188,2,流失风险用户
U000189,1,一般用户
U000190,1,高价值用户
U000191,0,高价值用户
U000192,1,一般用户
U000193,0,高价值用户
U000194,1,潜力用户
U000195,1,高价值用户
U000196,1,一般用户
U000197,0,高价值用户
U000198,0,流失风险用户
U000199,1,高价值用户
U000200,1,一般用户
U000201,0,流失风险用户
U000202,1,一般用户
U000203,0,潜力用户
U000204,1,一般用户
U000205,0,高价值用户
U000206,1,一般用户
U000207,0,潜力用户
U000208,0,一般用户
U000209,2,流失风险用户
U000210,0,潜力用户
U000211,0,潜力用户
U000212,1,潜力用户
U000213,0,一般用户
U000214,0,潜力用户
U000215,0,潜力用户
U000216,2,流失风险用户
U000217,2,流失风险用户
U000218,2,流失风险用户
U000219,0,高价值用户
U000220,0,一般用户
U000221,0,潜力用户
U000222,2,流失风险用户
U000223,0,一般用户
U000224,0,一般用户
U000225,1,潜力用户
U000226,2,流失风险用户
U000227,0,一般用户
U000228,0,潜力用户
U000229,0,潜力用户
U000230,0,高价值用户
U000231,1,潜力用户
U000232,0,潜力用户
U000233,1,流失风险用户
U000234,1,高价值用户
U000235,1,一般用户
U000236,0,高价值用户
U000237,0,潜力用户
U000238,0,潜力用户
U000239,2,流失风险用户
U000240,0,潜力用户
U000241,0,一般用户
U000242,1,流失风险用户
U000243,2,流失风险用户
U000244,0,潜力用户
U000245,0,潜力用户
U000246,2,流失风险用户
U000247,0,潜力用户
U000248,0,潜力用户
U000249,0,流失风险用户
U000250,0,潜力用户
U000251,0,一般用户
U000252,0,流失风险用户
U000253,0,一般用户
U000254,0,一般用户
U000255,0,一般用户
U000256,0,流失风险用户
U000257,1,一般用户
U000258,0,高价值用户
U000259,1,潜力用户
U000260,1,一般用户
U000261,0,高价值用户
U000262,0,流失风险用户
U000263,0,流失风险用户
U000264,0,潜力用户
U000265,0,一般用户
U000266,0,潜力用户
U000267,0,潜力用户
U000268,0,高价值用户
U000269,1,流失风险用户
U000270,0,潜力用户
U000271,0,潜力用户
U000272,0,一般用户
U000273,1,流失风险用户
U000274,0,高价值用户
U000275,0,流失风险用户
U000276,0,潜力用户
U000277,0,流失风险用户
U000278,1,潜力用户
U000279,0,潜力用户
U000280,0,高价值用户
U000281,0,流失风险用户
U000282,0,一般用户
U000283,0,潜力用户
U000284,0,一般用户
U000285,0,潜力用户
U000286,0,高价值用户
U000287,1,潜力用户
U000288,0,潜力用户
U000289,0,潜力用户
U000290,1,一般用户
U000291,0,高价值用户
U000292,1,潜力用户
U000293,0,潜力用户
U000294,0,一般用户
U000295,0,潜力用户
U000296,0,流失风险用户
U000297,2,流失风险用户
U000298,0,高价值用户
U000299,2,流失风险用户
U000300,2,流失风险用户
U000301,0,潜力用户
U000302,1,一般用户
U000303,0,潜力用户
U000304,0,潜力用户
U000305,0,潜力用户
U000306,0,潜力用户
U000307,0,一般用户
U000308,0,一般用户
U000309,1,流失风险用户
U000310,0,高价值用户
U000311,1,潜力用户
U000312,0,高价值用户
U000313,1,潜力用户
U000314,2,流失风险用户
U000315,0,潜力用户
U000316,0,潜力用户
U000317,2,流失风险用户
U000318,0,一般用户
U000319,1,流失风险用户
U000320,0,一般用户
U000321,0,一般用户
U000322,0,潜力用户
U000323,0,一般用户
U000324,2,流失风险用户
U000325,0,高价值用户
U000326,0,高价值用户
U000327,0,潜力用户
U000328,0,高价值用户
U000329,0,潜力用户
U000330,1,一般用户
U000331,1,一般用户
U000332,0,流失风险用户
U000333,2,流失风险用户
U000334,0,潜力用户
U000335,1,潜力用户
U000336,1,一般用户
U000337,2,一般用户
U000338,0,流失风险用户
U000339,0,一般用户
U000340,1,高价值用户
U000341,0,高价值用户
U000342,0,一般用户
U000343,1,高价值用户
U000344,0,流失风险用户
U000345,2,流失风险用户
U000346,1,潜力用户
U000347,1,一般用户
U000348,0,流失风险用户
U000349,0,高价值用户
U000350,2,流失风险用户
U000351,2,流失风险用户
U000352,0,高价值用户
U000353,0,潜力用户
U000354,1,高价值用户
U000355,2,流失风险用户
U000356,0,一般用户
U000357,1,流失风险用户
U000358,0,一般用户
U000359,0,一般用户
U000360,0,潜力用户
U000361,1,潜力用户
U000362,1,一般用户
U000363,1,潜力用户
U000364,0,一般用户
U000365,0,一般用户
U000366,0,一般用户
U000367,0,潜力用户
U000368,0,一般用户
U000369,0,流失风险用户
U000370,0,流失风险用户
U000371,0,流失风险用户
U000372,0,流失风险用户
U000373,0,潜力用户
U000374,0,流失风险用户
U000375,0,一般用户
U000376,2,流失风险用户
U000377,1,高价值用户
U000378,0,一般用户
U000379,0,潜力用户
U000380,2,流失风险用户
U000381,0,潜力用户
U000382,2,流失风险用户
U000383,0,潜力用户
U000384,2,流失风险用户
U000385,0,一般用户
U000386,0,潜力用户
U000387,1,一般用户
U000388,0,一般用户
U000389,0,高价值用户
U000390,2,流失风险用户
U000391,2,流失风险用户
U000392,0,流失风险用户
U000393,1,高价值用户
U000394,0,一般用户
U000395,1,潜力用户
U000396,0,一般用户
U000397,1,一般用户
U000398,0,潜力用户
U000399,0,一般用户
U000400,0,潜力用户
U000401,0,一般用户
U000402,1,一般用户
U000403,1,高价值用户
U000404,0,一般用户
U000405,1,一般用户
U000406,0,流失风险用户
U000407,1,潜力用户
U000408,1,潜力用户
U000409,1,高价值用户
U000410,0,潜力用户
U000411,0,一般用户
U000412,0,潜力用户
U000413,2,流失风险用户
U000414,0,流失风险用户
U000415,0,流失风险用户
U000416,0,流失风险用户
U000417,0,一般用户
U000418,0,流失风险用户
U000419,1,潜力用户
U000420,0,一般用户
U000421,2,流失风险用户
U000422,0,高价值用户
U000423,0,高价值用户
U000424,0,高价值用户
U000425,2,流失风险用户
U000426,1,一般用户
U000427,1,潜力用户
U000428,0,潜力用户
U000429,0,流失风险用户
U000430,0,一般用户
U000431,0,一般用户
U000432,0,潜力用户
U000433,1,潜力用户
U000434,2,流失风险用户
U000435,0,潜力用户
U000436,1,潜力用户
U000437,2,流失风险用户
U000438,2,流失风险用户
U000439,0,潜力用户
U000440,0,潜力用户
U000441,1,潜力用户
U000442,0,高价值用户
U000443,1,一般用户
U000444,0,流失风险用户
U000445,0,一般用户
U000446,0,潜力用户
U000447,0,高价值用户
U000448,0,潜力用户
U000449,0,一般用户
U000450,2,流失风险用户
U000451,0,潜力用户
U000452,1,潜力用户
U000453,0,一般用户
U000454,0,一般用户
U000455,0,一般用户
U000456,1,潜力用户
U000457,0,一般用户
U000458,1,高价值用户
U000459,1,潜力用户
U000460,0,高价值用户
U000461,1,流失风险用户
U000462,1,高价值用户
U000463,0,流失风险用户
U000464,0,高价值用户
U000465,0,流失风险用户
U000466,1,潜力用户
U000467,1,潜力用户
U000468,1,一般用户
U000469,0,一般用户
U000470,0,一般用户
U000471,0,一般用户
U000472,1,潜力用户
U000473,1,潜力用户
U000474,0,一般用户
U000475,0,流失风险用户
U000476,2,流失风险用户
U000477,0,流失风险用户
U000478,2,流失风险用户
U000479,0,潜力用户
U000480,0,高价值用户
U000481,0,一般用户
U000482,1,一般用户
U000483,0,一般用户
U000484,0,一般用户
U000485,0,高价值用户
U000486,0,潜力用户
U000487,2,流失风险用户
U000488,0,一般用户
U000489,0,高价值用户
U000490,0,一般用户
U000491,0,潜力用户
U000492,0,高价值用户
U000493,0,潜力用户
U000494,0,一般用户
U000495,0,高价值用户
U000496,1,一般用户
U000497,2,流失风险用户
U000498,1,高价值用户
U000499,0,一般用户
U000500,1,潜力用户
U000501,0,潜力用户
U000502,0,一般用户
U000503,0,流失风险用户
U000504,0,潜力用户
U000505,1,一般用户
U000506,0,一般用户
U000507,2,流失风险用户
U000508,0,流失风险用户
U000509,2,流失风险用户
U000510,0,潜力用户
U000511,1,流失风险用户
U000512,2,流失风险用户
U000513,1,潜力用户
U000514,0,一般用户
U000515,0,流失风险用户
U000516,0,潜力用户
U000517,0,流失风险用户
U000518,0,一般用户
U000519,0,潜力用户
U000520,0,潜力用户
U000521,0,一般用户
U000522,1,流失风险用户
U000523,2,流失风险用户
U000524,0,一般用户
U000525,0,潜力用户
U000526,2,流失风险用户
U000527,0,一般用户
U000528,2,流失风险用户
U000529,1,高价值用户
U000530,0,流失风险用户
U000531,0,潜力用户
U000532,2,流失风险用户
U000533,0,潜力用户
U000534,0,潜力用户
U000535,0,高价值用户
U000536,2,流失风险用户
U000537,1,潜力用户
U000538,0,流失风险用户
U000539,0,一般用户
U000540,2,流失风险用户
U000541,0,一般用户
U000542,1,流失风险用户
U000543,1,潜力用户
U000544,0,一般用户
U000545,1,潜力用户
U000546,1,流失风险用户
U000547,1,流失风险用户
U000548,2,流失风险用户
U000549,1,一般用户
U000550,0,潜力用户
U000551,1,潜力用户
U000552,0,高价值用户
U000553,1,潜力用户
U000554,0,一般用户
U000555,0,高价值用户
U000556,1,一般用户
U000557,0,一般用户
U000558,0,高价值用户
U000559,0,潜力用户
U000560,2,流失风险用户
U000561,0,一般用户
U000562,0,一般用户
U000563,0,高价值用户
U000564,0,潜力用户
U000565,2,流失风险用户
U000566,0,潜力用户
U000567,1,潜力用户
U000568,1,潜力用户
U000569,0,潜力用户
U000570,0,一般用户
U000571,1,一般用户
U000572,2,流失风险用户
U000573,0,一般用户
U000574,0,一般用户
U000575,0,潜力用户
U000576,1,一般用户
U000577,0,潜力用户
U000578,2,流失风险用户
U000579,2,流失风险用户
U000580,0,高价值用户
U000581,1,潜力用户
U000582,2,流失风险用户
U000583,0,流失风险用户
U000584,0,高价值用户
U000585,0,高价值用户
U000586,0,潜力用户
U000587,1,潜力用户
U000588,1,高价值用户
U000589,1,一般用户
U000590,1,一般用户
U000591,0,一般用户
U000592,2,流失风险用户
U000593,0,一般用户
U000594,1,潜力用户
U000595,0,潜力用户
U000596,1,一般用户
U000597,0,一般用户
U000598,0,高价值用户
U000599,0,潜力用户
U000600,2,流失风险用户
U000601,1,高价值用户
U000602,1,一般用户
U000603,0,一般用户
U000604,0,潜力用户
U000605,0,潜力用户
U000606,1,一般用户
U000607,0,潜力用户
U000608,0,流失风险用户
U000609,1,潜力用户
U000610,0,流失风险用户
U000611,0,一般用户
U000612,1,潜力用户
U000613,0,流失风险用户
U000614,0,一般用户
U000615,0,高价值用户
U000616,0,高价值用户
U000617,0,一般用户
U000618,1,高价值用户
U000619,2,流失风险用户
U000620,0,高价值用户
U000621,1,一般用户
U000622,0,潜力用户
U000623,1,潜力用户
U000624,0,潜力用户
U000625,0,高价值用户
U000626,0,流失风险用户
U000627,0,一般用户
U000628,0,高价值用户
U000629,1,一般用户
U000630,1,潜力用户
U000631,0,流失风险用户
U000632,1,高价值用户
U000633,0,一般用户
U000634,0,高价值用户
U000635,2,流失风险用户
U000636,0,流失风险用户
U000637,0,高价值用户
U000638,1,潜力用户
U000639,0,一般用户
U000640,1,流失风险用户
U000641,0,流失风险用户
U000642,1,一般用户
U000643,0,一般用户
U000644,1,一般用户
U000645,0,一般用户
U000646,0,一般用户
U000647,0,一般用户
U000648,0,一般用户
U000649,0,潜力用户
U000650,0,潜力用户
U000651,0,流失风险用户
U000652,0,潜力用户
U000653,0,潜力用户
U000654,0,一般用户
U000655,0,潜力用户
U000656,2,流失风险用户
U000657,0,一般用户
U000658,0,一般用户
U000659,0,流失风险用户
U000660,0,潜力用户
U000661,2,一般用户
U000662,0,潜力用户
U000663,2,流失风险用户
U000664,0,潜力用户
U000665,1,潜力用户
U000666,0,一般用户
U000667,1,流失风险用户
U000668,0,一般用户
U000669,0,潜力用户
U000670,0,流失风险用户
U000671,0,流失风险用户
U000672,1,潜力用户
U000673,2,一般用户
U000674,0,潜力用户
U000675,2,流失风险用户
U000676,0,高价值用户
U000677,2,流失风险用户
U000678,2,流失风险用户
U000679,2,流失风险用户
U000680,0,高价值用户
U000681,1,潜力用户
U000682,0,潜力用户
U000683,0,高价值用户
U000684,1,流失风险用户
U000685,1,潜力用户
U000686,1,高价值用户
U000687,0,高价值用户
U000688,2,流失风险用户
U000689,1,高价值用户
U000690,0,流失风险用户
U000691,2,流失风险用户
U000692,1,流失风险用户
U000693,0,潜力用户
U000694,1,流失风险用户
U000695,1,潜力用户
U000696,0,流失风险用户
U000697,0,潜力用户
U000698,0,潜力用户
U000699,0,潜力用户
U000700,1,高价值用户
U000701,1,潜力用户
U000702,0,潜力用户
U000703,0,一般用户
U000704,0,潜力用户
U000705,0,高价值用户
U000706,0,潜力用户
U000707,0,一般用户
U000708,0,高价值用户
U000709,0,一般用户
U000710,1,流失风险用户
U000711,2,流失风险用户
U000712,2,流失风险用户
U000713,0,潜力用户
U000714,0,潜力用户
U000715,2,流失风险用户
U000716,0,潜力用户
U000717,0,流失风险用户
U000718,0,潜力用户
U000719,2,流失风险用户
U000720,0,潜力用户
U000721,0,高价值用户
U000722,0,高价值用户
U000723,0,潜力用户
U000724,0,潜力用户
U000725,1,潜力用户
U000726,2,流失风险用户
U000727,0,高价值用户
U000728,0,一般用户
U000729,1,潜力用户
U000730,0,一般用户
U000731,0,一般用户
U000732,0,一般用户
U000733,2,流失风险用户
U000734,1,一般用户
U000735,1,一般用户
U000736,1,潜力用户
U000737,0,一般用户
U000738,0,潜力用户
U000739,0,流失风险用户
U000740,0,潜力用户
U000741,0,一般用户
U000742,1,一般用户
U000743,1,一般用户
U000744,2,流失风险用户
U000745,0,一般用户
U000746,0,一般用户
U000747,0,高价值用户
U000748,0,一般用户
U000749,0,潜力用户
U000750,1,一般用户
U000751,2,流失风险用户
U000752,1,高价值用户
U000753,2,流失风险用户
U000754,1,潜力用户
U000755,1,流失风险用户
U000756,0,潜力用户
U000757,0,高价值用户
U000758,2,一般用户
U000759,0,一般用户
U000760,0,一般用户
U000761,1,流失风险用户
U000762,1,高价值用户
U000763,0,高价值用户
U000764,0,一般用户
U000765,0,潜力用户
U000766,1,一般用户
U000767,2,流失风险用户
U000768,0,一般用户
U000769,1,潜力用户
U000770,0,一般用户
U000771,2,流失风险用户
U000772,1,流失风险用户
U000773,2,一般用户
U000774,0,潜力用户
U000775,0,流失风险用户
U000776,1,流失风险用户
U000777,0,潜力用户
U000778,0,高价值用户
U000779,0,潜力用户
U000780,0,一般用户
U000781,1,一般用户
U000782,0,潜力用户
U000783,0,潜力用户
U000784,0,潜力用户
U000785,0,潜力用户
U000786,1,一般用户
U000787,2,流失风险用户
U000788,0,潜力用户
U000789,0,流失风险用户
U000790,0,流失风险用户
U000791,0,潜力用户
U000792,2,流失风险用户
U000793,0,潜力用户
U000794,0,潜力用户
U000795,0,高价值用户
U000796,0,流失风险用户
U000797,0,潜力用户
U000798,1,一般用户
U000799,0,一般用户
U000800,0,潜力用户
U000801,0,一般用户
U000802,1,一般用户
U000803,2,流失风险用户
U000804,1,一般用户
U000805,0,流失风险用户
U000806,0,一般用户
U000807,2,流失风险用户
U000808,0,潜力用户
U000809,0,潜力用户
U000810,0,流失风险用户
U000811,0,流失风险用户
U000812,0,一般用户
U000813,1,高价值用户
U000814,1,潜力用户
U000815,2,一般用户
U000816,0,高价值用户
U000817,1,潜力用户
U000818,0,潜力用户
U000819,0,潜力用户
U000820,2,流失风险用户
U000821,0,流失风险用户
U000822,1,流失风险用户
U000823,0,潜力用户
U000824,0,高价值用户
U000825,0,流失风险用户
U000826,1,潜力用户
U000827,1,一般用户
U000828,0,潜力用户
U000829,1,流失风险用户
U000830,0,潜力用户
U000831,0,流失风险用户
U000832,0,一般用户
U000833,1,一般用户
U000834,0,潜力用户
U000835,0,潜力用户
U000836,0,潜力用户
U000837,0,一般用户
U000838,0,潜力用户
U000839,0,潜力用户
U000840,0,流失风险用户
U000841,0,潜力用户
U000842,0,一般用户
U000843,2,流失风险用户
U000844,0,潜力用户
U000845,1,一般用户
U000846,1,一般用户
U000847,0,潜力用户
U000848,0,潜力用户
U000849,1,高价值用户
U000850,0,流失风险用户
U000851,1,一般用户
U000852,2,流失风险用户
U000853,0,潜力用户
U000854,0,一般用户
U000855,1,一般用户
U000856,2,流失风险用户
U000857,1,一般用户
U000858,0,潜力用户
U000859,0,流失风险用户
U000860,0,潜力用户
U000861,0,流失风险用户
U000862,0,流失风险用户
U000863,0,一般用户
U000864,1,流失风险用户
U000865,0,潜力用户
U000866,0,潜力用户
U000867,0,一般用户
U000868,0,一般用户
U000869,0,潜力用户
U000870,0,潜力用户
U000871,0,一般用户
U000872,1,潜力用户
U000873,0,潜力用户
U000874,0,潜力用户
U000875,1,高价值用户
U000876,2,流失风险用户
U000877,0,流失风险用户
U000878,2,流失风险用户
U000879,0,潜力用户
U000880,0,一般用户
U000881,1,一般用户
U000882,0,潜力用户
U000883,0,潜力用户
U000884,0,潜力用户
U000885,0,潜力用户
U000886,1,一般用户
U000887,0,潜力用户
U000888,0,一般用户
U000889,0,潜力用户
U000890,0,高价值用户
U000891,0,流失风险用户
U000892,0,一般用户
U000893,0,一般用户
U000894,0,流失风险用户
U000895,0,一般用户
U000896,0,一般用户
U000897,1,潜力用户
U000898,0,一般用户
U000899,0,高价值用户
U000900,0,潜力用户
U000901,0,潜力用户
U000902,1,潜力用户
U000903,0,潜力用户
U000904,2,流失风险用户
U000905,0,一般用户
U000906,0,一般用户
U000907,0,一般用户
U000908,0,一般用户
U000909,2,流失风险用户
U000910,0,潜力用户
U000911,0,潜力用户
U000912,0,一般用户
U000913,0,一般用户
U000914,2,流失风险用户
U000915,1,潜力用户
U000916,0,潜力用户
U000917,0,流失风险用户
U000918,0,潜力用户
U000919,1,流失风险用户
U000920,0,一般用户
U000921,0,流失风险用户
U000922,0,潜力用户
U000923,1,潜力用户
U000924,2,流失风险用户
U000925,0,潜力用户
U000926,0,高价值用户
U000927,0,一般用户
U000928,1,流失风险用户
U000929,0,一般用户
U000930,0,流失风险用户
U000931,0,流失风险用户
U000932,1,潜力用户
U000933,0,一般用户
U000934,0,高价值用户
U000935,1,流失风险用户
U000936,0,潜力用户
U000937,0,潜力用户
U000938,1,高价值用户
U000939,0,高价值用户
U000940,0,高价值用户
U000941,0,一般用户
U000942,1,一般用户
U000943,2,流失风险用户
U000944,1,流失风险用户
U000945,2,流失风险用户
U000946,0,高价值用户
U000947,0,一般用户
U000948,0,流失风险用户
U000949,0,潜力用户
U000950,0,一般用户
U000951,1,潜力用户
U000952,1,潜力用户
U000953,0,一般用户
U000954,0,流失风险用户
U000955,0,一般用户
U000956,0,一般用户
U000957,0,流失风险用户
U000958,0,一般用户
U000959,1,一般用户
U000960,0,高价值用户
U000961,1,高价值用户
U000962,0,流失风险用户
U000963,0,潜力用户
U000964,0,流失风险用户
U000965,1,流失风险用户
U000966,1,一般用户
U000967,0,一般用户
U000968,0,流失风险用户
U000969,0,一般用户
U000970,0,一般用户
U000971,0,一般用户
U000972,0,高价值用户
U000973,0,高价值用户
U000974,1,流失风险用户
U000975,1,流失风险用户
U000976,0,流失风险用户
U000977,0,一般用户
U000978,0,流失风险用户
U000979,0,流失风险用户
U000980,0,一般用户
U000981,0,高价值用户
U000982,0,一般用户
U000983,0,潜力用户
U000984,2,一般用户
U000985,1,一般用户
U000986,2,流失风险用户
U000987,0,潜力用户
U000988,1,流失风险用户
U000989,0,潜力用户
U000990,0,一般用户
U000991,0,高价值用户
U000992,0,潜力用户
U000993,0,一般用户
U000994,1,一般用户
U000995,0,一般用户
U000996,0,潜力用户
U000997,1,一般用户
U000998,0,一般用户
U000999,0,潜力用户
U001000,0,潜力用户
U001001,0,一般用户
U001002,0,一般用户
U001003,2,流失风险用户
U001004,0,一般用户
U001005,1,流失风险用户
U001006,0,潜力用户
U001007,2,流失风险用户
U001008,2,流失风险用户
U001009,0,流失风险用户
U001010,0,一般用户
U001011,0,潜力用户
U001012,2,流失风险用户
U001013,1,潜力用户
U001014,0,流失风险用户
U001015,0,流失风险用户
U001016,1,潜力用户
U001017,0,高价值用户
U001018,0,流失风险用户
U001019,0,流失风险用户
U001020,0,一般用户
U001021,1,流失风险用户
U001022,1,流失风险用户
U001023,0,一般用户
U001024,0,潜力用户
U001025,0,一般用户
U001026,0,一般用户
U001027,1,潜力用户
U001028,2,流失风险用户
U001029,0,一般用户
U001030,2,流失风险用户
U001031,0,潜力用户
U001032,0,一般用户
U001033,2,流失风险用户
U001034,1,一般用户
U001035,0,潜力用户
U001036,0,潜力用户
U001037,0,高价值用户
U001038,0,流失风险用户
U001039,0,一般用户
U001040,0,流失风险用户
U001041,0,一般用户
U001042,2,流失风险用户
U001043,0,潜力用户
U001044,0,一般用户
U001045,0,高价值用户
U001046,0,潜力用户
U001047,0,潜力用户
U001048,0,高价值用户
U001049,1,一般用户
U001050,2,流失风险用户
U001051,0,高价值用户
U001052,1,流失风险用户
U001053,1,一般用户
U001054,0,潜力用户
U001055,0,流失风险用户
U001056,0,流失风险用户
U001057,1,流失风险用户
U001058,1,高价值用户
U001059,0,潜力用户
U001060,0,流失风险用户
U001061,0,一般用户
U001062,2,流失风险用户
U001063,0,潜力用户
U001064,1,一般用户
U001065,1,一般用户
U001066,1,一般用户
U001067,2,流失风险用户
U001068,1,潜力用户
U001069,0,潜力用户
U001070,1,流失风险用户
U001071,0,一般用户
U001072,0,潜力用户
U001073,1,潜力用户
U001074,0,潜力用户
U001075,0,高价值用户
U001076,1,一般用户
U001077,0,潜力用户
U001078,0,一般用户
U001079,2,流失风险用户
U001080,0,高价值用户
U001081,1,高价值用户
U001082,0,一般用户
U001083,1,一般用户
U001084,1,高价值用户
U001085,0,流失风险用户
U001086,2,流失风险用户
U001087,0,潜力用户
U001088,0,一般用户
U001089,1,潜力用户
U001090,0,潜力用户
U001091,0,潜力用户
U001092,0,高价值用户
U001093,0,流失风险用户
U001094,0,一般用户
U001095,0,一般用户
U001096,1,潜力用户
U001097,1,流失风险用户
U001098,0,高价值用户
U001099,0,流失风险用户
U001100,0,高价值用户
U001101,0,潜力用户
U001102,0,一般用户
U001103,0,潜力用户
U001104,0,流失风险用户
U001105,0,流失风险用户
U001106,0,高价值用户
U001107,0,流失风险用户
U001108,0,高价值用户
U001109,0,高价值用户
U001110,0,一般用户
U001111,0,一般用户
U001112,1,一般用户
U001113,0,潜力用户
U001114,0,一般用户
U001115,0,高价值用户
U001116,1,流失风险用户
U001117,0,一般用户
U001118,0,潜力用户
U001119,2,流失风险用户
U001120,0,潜力用户
U001121,0,一般用户
U001122,2,流失风险用户
U001123,0,潜力用户
U001124,0,流失风险用户
U001125,0,高价值用户
U001126,0,一般用户
U001127,1,潜力用户
U001128,0,高价值用户
U001129,0,一般用户
U001130,0,一般用户
U001131,0,高价值用户
U001132,0,一般用户
U001133,0,一般用户
U001134,2,流失风险用户
U001135,0,流失风险用户
U001136,0,一般用户
U001137,0,潜力用户
U001138,0,潜力用户
U001139,1,一般用户
U001140,0,一般用户
U001141,0,高价值用户
U001142,1,潜力用户
U001143,0,潜力用户
U001144,0,一般用户
U001145,0,一般用户
U001146,0,流失风险用户
U001147,0,流失风险用户
U001148,0,高价值用户
U001149,0,高价值用户
U001150,1,一般用户
U001151,0,流失风险用户
U001152,0,一般用户
U001153,0,一般用户
U001154,0,流失风险用户
U001155,0,一般用户
U001156,0,高价值用户
U001157,0,一般用户
U001158,0,潜力用户
U001159,0,一般用户
U001160,0,一般用户
U001161,0,高价值用户
U001162,0,潜力用户
U001163,0,流失风险用户
U001164,0,一般用户
U001165,1,潜力用户
U001166,0,一般用户
U001167,1,流失风险用户
U001168,0,潜力用户
U001169,0,高价值用户
U001170,0,流失风险用户
U001171,0,潜力用户
U001172,1,高价值用户
U001173,0,一般用户
U001174,0,潜力用户
U001175,0,高价值用户
U001176,2,流失风险用户
U001177,0,高价值用户
U001178,2,流失风险用户
U001179,0,潜力用户
U001180,1,高价值用户
U001181,0,潜力用户
U001182,0,潜力用户
U001183,0,流失风险用户
U001184,0,高价值用户
U001185,0,潜力用户
U001186,1,高价值用户
U001187,1,流失风险用户
U001188,0,一般用户
U001189,0,一般用户
U001190,2,流失风险用户
U001191,1,高价值用户
U001192,1,一般用户
U001193,1,流失风险用户
U001194,1,流失风险用户
U001195,1,高价值用户
U001196,0,高价值用户
U001197,0,高价值用户
U001198,0,一般用户
U001199,1,一般用户
U001200,2,流失风险用户
U001201,0,潜力用户
U001202,0,一般用户
U001203,0,潜力用户
U001204,0,潜力用户
U001205,0,一般用户
U001206,0,潜力用户
U001207,0,一般用户
U001208,1,一般用户
U001209,0,高价值用户
U001210,0,潜力用户
U001211,1,高价值用户
U001212,0,流失风险用户
U001213,1,一般用户
U001214,0,高价值用户
U001215,0,潜力用户
U001216,0,一般用户
U001217,0,流失风险用户
U001218,0,一般用户
U001219,1,潜力用户
U001220,0,一般用户
U001221,0,潜力用户
U001222,1,一般用户
U001223,1,潜力用户
U001224,0,一般用户
U001225,1,潜力用户
U001226,0,潜力用户
U001227,0,高价值用户
U001228,0,一般用户
U001229,0,潜力用户
U001230,1,一般用户
U001231,1,流失风险用户
U001232,0,一般用户
U001233,0,潜力用户
U001234,0,潜力用户
U001235,1,高价值用户
U001236,0,一般用户
U001237,0,高价值用户
U001238,0,潜力用户
U001239,0,流失风险用户
U001240,0,潜力用户
U001241,1,潜力用户
U001242,0,流失风险用户
U001243,0,潜力用户
U001244,0,高价值用户
U001245,2,流失风险用户
U001246,0,潜力用户
U001247,0,流失风险用户
U001248,0,潜力用户
U001249,1,流失风险用户
U001250,2,流失风险用户
U001251,0,潜力用户
U001252,0,潜力用户
U001253,0,一般用户
U001254,2,流失风险用户
U001255,0,潜力用户
U001256,0,一般用户
U001257,1,高价值用户
U001258,1,一般用户
U001259,0,潜力用户
U001260,1,潜力用户
U001261,0,一般用户
U001262,0,一般用户
U001263,0,一般用户
U001264,1,一般用户
U001265,0,一般用户
U001266,0,潜力用户
U001267,0,流失风险用户
U001268,0,流失风险用户
U001269,1,流失风险用户
U001270,2,流失风险用户
U001271,0,高价值用户
U001272,0,流失风险用户
U001273,1,一般用户
U001274,0,一般用户
U001275,0,一般用户
U001276,0,流失风险用户
U001277,1,高价值用户
U001278,0,一般用户
U001279,2,流失风险用户
U001280,1,高价值用户
U001281,1,潜力用户
U001282,0,高价值用户
U001283,1,流失风险用户
U001284,0,一般用户
U001285,0,一般用户
U001286,0,高价值用户
U001287,1,一般用户
U001288,1,一般用户
U001289,0,流失风险用户
U001290,1,潜力用户
U001291,0,一般用户
U001292,0,一般用户
U001293,0,高价值用户
U001294,0,一般用户
U001295,0,一般用户
U001296,0,一般用户
U001297,0,潜力用户
U001298,0,一般用户
U001299,0,高价值用户
U001300,1,流失风险用户
U001301,0,潜力用户
U001302,1,一般用户
U001303,1,一般用户
U001304,0,高价值用户
U001305,1,高价值用户
U001306,0,一般用户
U001307,1,潜力用户
U001308,1,一般用户
U001309,0,流失风险用户
U001310,1,潜力用户
U001311,2,流失风险用户
U001312,1,高价值用户
U001313,0,潜力用户
U001314,1,潜力用户
U001315,0,潜力用户
U001316,1,潜力用户
U001317,1,流失风险用户
U001318,0,流失风险用户
U001319,1,高价值用户
U001320,0,潜力用户
U001321,1,潜力用户
U001322,0,一般用户
U001323,0,流失风险用户
U001324,0,高价值用户
U001325,0,流失风险用户
U001326,2,流失风险用户
U001327,0,高价值用户
U001328,0,高价值用户
U001329,2,流失风险用户
U001330,0,一般用户
U001331,0,高价值用户
U001332,0,高价值用户
U001333,0,流失风险用户
U001334,0,高价值用户
U001335,1,一般用户
U001336,0,潜力用户
U001337,1,高价值用户
U001338,2,流失风险用户
U001339,0,潜力用户
U001340,0,潜力用户
U001341,0,一般用户
U001342,0,高价值用户
U001343,0,一般用户
U001344,2,流失风险用户
U001345,0,流失风险用户
U001346,0,高价值用户
U001347,1,一般用户
U001348,0,潜力用户
U001349,1,高价值用户
U001350,0,高价值用户
U001351,1,流失风险用户
U001352,2,流失风险用户
U001353,0,一般用户
U001354,0,高价值用户
U001355,0,一般用户
U001356,0,潜力用户
U001357,0,高价值用户
U001358,0,流失风险用户
U001359,0,一般用户
U001360,1,潜力用户
U001361,0,潜力用户
U001362,0,流失风险用户
U001363,0,流失风险用户
U001364,0,流失风险用户
U001365,0,潜力用户
U001366,0,一般用户
U001367,0,高价值用户
U001368,0,流失风险用户
U001369,0,一般用户
U001370,0,流失风险用户
U001371,0,一般用户
U001372,2,流失风险用户
U001373,0,潜力用户
U001374,1,潜力用户
U001375,0,潜力用户
U001376,1,一般用户
U001377,0,一般用户
U001378,0,一般用户
U001379,0,高价值用户
U001380,2,流失风险用户
U001381,1,一般用户
U001382,0,潜力用户
U001383,2,流失风险用户
U001384,0,流失风险用户
U001385,0,一般用户
U001386,0,一般用户
U001387,0,潜力用户
U001388,0,一般用户
U001389,0,潜力用户
U001390,0,潜力用户
U001391,2,流失风险用户
U001392,0,一般用户
U001393,1,高价值用户
U001394,1,高价值用户
U001395,0,潜力用户
U001396,1,一般用户
U001397,2,流失风险用户
U001398,0,一般用户
U001399,0,一般用户
U001400,0,潜力用户
U001401,0,一般用户
U001402,1,高价值用户
U001403,1,高价值用户
U001404,0,潜力用户
U001405,0,高价值用户
U001406,0,流失风险用户
U001407,2,流失风险用户
U001408,2,流失风险用户
U001409,0,潜力用户
U001410,0,高价值用户
U001411,2,流失风险用户
U001412,0,潜力用户
U001413,0,潜力用户
U001414,0,潜力用户
U001415,2,流失风险用户
U001416,0,潜力用户
U001417,2,流失风险用户
U001418,0,高价值用户
U001419,0,高价值用户
U001420,2,流失风险用户
U001421,1,流失风险用户
U001422,0,潜力用户
U001423,1,高价值用户
U001424,1,潜力用户
U001425,1,流失风险用户
U001426,0,流失风险用户
U001427,0,高价值用户
U001428,0,流失风险用户
U001429,0,一般用户
U001430,0,高价值用户
U001431,0,流失风险用户
U001432,1,潜力用户
U001433,1,一般用户
U001434,1,一般用户
U001435,1,一般用户
U001436,0,高价值用户
U001437,2,流失风险用户
U001438,1,流失风险用户
U001439,0,一般用户
U001440,0,流失风险用户
U001441,0,高价值用户
U001442,0,高价值用户
U001443,0,高价值用户
U001444,2,流失风险用户
U001445,2,流失风险用户
U001446,2,流失风险用户
U001447,2,流失风险用户
U001448,0,高价值用户
U001449,0,一般用户
U001450,0,流失风险用户
U001451,0,流失风险用户
U001452,1,潜力用户
U001453,0,高价值用户
U001454,2,流失风险用户
U001455,0,潜力用户
U001456,0,一般用户
U001457,2,流失风险用户
U001458,1,高价值用户
U001459,0,流失风险用户
U001460,0,潜力用户
U001461,0,流失风险用户
U001462,1,一般用户
U001463,2,流失风险用户
U001464,0,一般用户
U001465,1,一般用户
U001466,0,高价值用户
U001467,0,高价值用户
U001468,0,一般用户
U001469,0,流失风险用户
U001470,2,流失风险用户
U001471,0,潜力用户
U001472,0,一般用户
U001473,0,潜力用户
U001474,0,潜力用户
U001475,0,潜力用户
U001476,2,流失风险用户
U001477,1,高价值用户
U001478,0,流失风险用户
U001479,1,一般用户
U001480,0,一般用户
U001481,0,流失风险用户
U001482,1,潜力用户
U001483,1,高价值用户
U001484,0,流失风险用户
U001485,0,流失风险用户
U001486,1,潜力用户
U001487,2,一般用户
U001488,1,潜力用户
U001489,0,潜力用户
U001490,0,高价值用户
U001491,0,潜力用户
U001492,0,一般用户
U001493,1,一般用户
U001494,0,流失风险用户
U001495,1,高价值用户
U001496,1,流失风险用户
U001497,0,流失风险用户
U001498,0,潜力用户
U001499,0,潜力用户
U001500,0,一般用户
U001501,1,流失风险用户
U001502,0,一般用户
U001503,0,一般用户
U001504,0,流失风险用户
U001505,0,流失风险用户
U001506,0,潜力用户
U001507,0,一般用户
U001508,1,高价值用户
U001509,1,高价值用户
U001510,0,潜力用户
U001511,0,潜力用户
U001512,0,一般用户
U001513,0,潜力用户
U001514,0,潜力用户
U001515,0,一般用户
U001516,2,流失风险用户
U001517,0,一般用户
U001518,1,潜力用户
U001519,0,潜力用户
U001520,0,潜力用户
U001521,0,潜力用户
U001522,2,流失风险用户
U001523,2,流失风险用户
U001524,0,流失风险用户
U001525,0,潜力用户
U001526,2,流失风险用户
U001527,0,一般用户
U001528,0,流失风险用户
U001529,0,潜力用户
U001530,0,一般用户
U001531,0,一般用户
U001532,1,一般用户
U001533,1,一般用户
U001534,1,流失风险用户
U001535,1,高价值用户
U001536,0,一般用户
U001537,1,一般用户
U001538,0,高价值用户
U001539,1,一般用户
U001540,0,流失风险用户
U001541,0,流失风险用户
U001542,0,潜力用户
U001543,1,一般用户
U001544,0,流失风险用户
U001545,0,一般用户
U001546,1,潜力用户
U001547,0,流失风险用户
U001548,0,一般用户
U001549,1,流失风险用户
U001550,0,一般用户
U001551,2,流失风险用户
U001552,0,潜力用户
U001553,0,一般用户
U001554,1,潜力用户
U001555,0,潜力用户
U001556,2,流失风险用户
U001557,1,流失风险用户
U001558,1,高价值用户
U001559,1,潜力用户
U001560,1,潜力用户
U001561,0,一般用户
U001562,0,一般用户
U001563,0,一般用户
U001564,0,潜力用户
U001565,0,高价值用户
U001566,1,高价值用户
U001567,0,潜力用户
U001568,1,高价值用户
U001569,1,潜力用户
U001570,1,一般用户
U001571,0,一般用户
U001572,1,流失风险用户
U001573,2,流失风险用户
U001574,0,高价值用户
U001575,0,一般用户
U001576,0,潜力用户
U001577,1,高价值用户
U001578,0,高价值用户
U001579,0,流失风险用户
U001580,0,潜力用户
U001581,0,流失风险用户
U001582,0,潜力用户
U001583,1,流失风险用户
U001584,1,流失风险用户
U001585,2,流失风险用户
U001586,0,潜力用户
U001587,0,潜力用户
U001588,0,流失风险用户
U001589,0,一般用户
U001590,0,流失风险用户
U001591,0,一般用户
U001592,0,高价值用户
U001593,0,高价值用户
U001594,0,潜力用户
U001595,0,流失风险用户
U001596,2,流失风险用户
U001597,0,高价值用户
U001598,2,流失风险用户
U001599,1,流失风险用户
U001600,0,潜力用户
U001601,0,高价值用户
U001602,0,一般用户
U001603,0,潜力用户
U001604,0,流失风险用户
U001605,0,一般用户
U001606,1,高价值用户
U001607,0,一般用户
U001608,0,潜力用户
U001609,0,潜力用户
U001610,0,流失风险用户
U001611,0,一般用户
U001612,1,高价值用户
U001613,0,流失风险用户
U001614,0,潜力用户
U001615,1,高价值用户
U001616,0,潜力用户
U001617,1,潜力用户
U001618,0,流失风险用户
U001619,1,高价值用户
U001620,1,一般用户
U001621,0,高价值用户
U001622,0,高价值用户
U001623,0,一般用户
U001624,1,高价值用户
U001625,0,一般用户
U001626,0,潜力用户
U001627,1,高价值用户
U001628,0,流失风险用户
U001629,2,流失风险用户
U001630,2,流失风险用户
U001631,0,潜力用户
U001632,2,流失风险用户
U001633,0,高价值用户
U001634,1,高价值用户
U001635,2,流失风险用户
U001636,1,流失风险用户
U001637,1,一般用户
U001638,0,流失风险用户
U001639,0,流失风险用户
U001640,0,潜力用户
U001641,0,潜力用户
U001642,0,一般用户
U001643,0,流失风险用户
U001644,0,一般用户
U001645,1,高价值用户
U001646,1,高价值用户
U001647,2,流失风险用户
U001648,0,潜力用户
U001649,0,一般用户
U001650,0,流失风险用户
U001651,0,一般用户
U001652,0,潜力用户
U001653,0,潜力用户
U001654,1,一般用户
U001655,0,一般用户
U001656,2,流失风险用户
U001657,0,一般用户
U001658,0,高价值用户
U001659,0,一般用户
U001660,0,流失风险用户
U001661,1,潜力用户
U001662,0,潜力用户
U001663,1,一般用户
U001664,2,流失风险用户
U001665,1,高价值用户
U001666,0,潜力用户
U001667,0,流失风险用户
U001668,0,高价值用户
U001669,0,一般用户
U001670,0,一般用户
U001671,1,流失风险用户
U001672,0,潜力用户
U001673,0,一般用户
U001674,0,高价值用户
U001675,0,高价值用户
U001676,0,潜力用户
U001677,0,一般用户
U001678,0,一般用户
U001679,1,潜力用户
U001680,1,高价值用户
U001681,1,潜力用户
U001682,0,高价值用户
U001683,0,一般用户
U001684,0,流失风险用户
U001685,0,潜力用户
U001686,0,高价值用户
U001687,1,高价值用户
U001688,0,高价值用户
U001689,0,潜力用户
U001690,0,流失风险用户
U001691,1,一般用户
U001692,1,潜力用户
U001693,2,流失风险用户
U001694,0,潜力用户
U001695,1,流失风险用户
U001696,0,流失风险用户
U001697,1,潜力用户
U001698,0,高价值用户
U001699,1,潜力用户
U001700,2,流失风险用户
U001701,1,潜力用户
U001702,0,一般用户
U001703,0,潜力用户
U001704,1,潜力用户
U001705,0,高价值用户
U001706,0,潜力用户
U001707,1,高价值用户
U001708,0,潜力用户
U001709,0,一般用户
U001710,1,一般用户
U001711,1,流失风险用户
U001712,2,流失风险用户
U001713,0,一般用户
U001714,0,流失风险用户
U001715,1,潜力用户
U001716,0,一般用户
U001717,0,高价值用户
U001718,0,一般用户
U001719,1,潜力用户
U001720,0,高价值用户
U001721,1,流失风险用户
U001722,0,潜力用户
U001723,0,潜力用户
U001724,1,流失风险用户
U001725,0,一般用户
U001726,1,高价值用户
U001727,0,高价值用户
U001728,0,潜力用户
U001729,0,潜力用户
U001730,0,一般用户
U001731,0,潜力用户
U001732,2,流失风险用户
U001733,0,高价值用户
U001734,0,一般用户
U001735,1,流失风险用户
U001736,0,高价值用户
U001737,0,一般用户
U001738,1,潜力用户
U001739,1,潜力用户
U001740,1,潜力用户
U001741,1,高价值用户
U001742,0,潜力用户
U001743,0,高价值用户
U001744,0,潜力用户
U001745,0,潜力用户
U001746,0,潜力用户
U001747,1,高价值用户
U001748,0,潜力用户
U001749,0,流失风险用户
U001750,0,一般用户
U001751,1,一般用户
U001752,0,潜力用户
U001753,0,潜力用户
U001754,1,流失风险用户
U001755,0,潜力用户
U001756,2,流失风险用户
U001757,0,潜力用户
U001758,1,潜力用户
U001759,0,潜力用户
U001760,1,流失风险用户
U001761,0,高价值用户
U001762,0,潜力用户
U001763,0,潜力用户
U001764,0,流失风险用户
U001765,2,流失风险用户
U001766,1,流失风险用户
U001767,0,流失风险用户
U001768,1,高价值用户
U001769,0,潜力用户
U001770,0,一般用户
U001771,0,高价值用户
U001772,0,潜力用户
U001773,0,流失风险用户
U001774,2,流失风险用户
U001775,0,流失风险用户
U001776,1,潜力用户
U001777,2,流失风险用户
U001778,0,潜力用户
U001779,0,潜力用户
U001780,1,高价值用户
U001781,0,潜力用户
U001782,0,一般用户
U001783,0,潜力用户
U001784,0,一般用户
U001785,0,潜力用户
U001786,0,一般用户
U001787,0,潜力用户
U001788,0,一般用户
U001789,0,流失风险用户
U001790,1,流失风险用户
U001791,0,流失风险用户
U001792,0,一般用户
U001793,2,流失风险用户
U001794,0,一般用户
U001795,0,流失风险用户
U001796,0,一般用户
U001797,2,流失风险用户
U001798,0,高价值用户
U001799,2,流失风险用户
U001800,1,潜力用户
U001801,1,一般用户
U001802,0,一般用户
U001803,1,流失风险用户
U001804,1,一般用户
U001805,1,潜力用户
U001806,0,高价值用户
U001807,0,潜力用户
U001808,0,一般用户
U001809,2,流失风险用户
U001810,0,一般用户
U001811,1,一般用户
U001812,0,一般用户
U001813,0,潜力用户
U001814,0,一般用户
U001815,1,一般用户
U001816,0,一般用户
U001817,1,一般用户
U001818,0,潜力用户
U001819,2,流失风险用户
U001820,0,流失风险用户
U001821,1,潜力用户
U001822,1,流失风险用户
U001823,2,流失风险用户
U001824,0,潜力用户
U001825,0,一般用户
U001826,0,潜力用户
U001827,0,潜力用户
U001828,1,一般用户
U001829,0,潜力用户
U001830,0,流失风险用户
U001831,0,潜力用户
U001832,0,潜力用户
U001833,2,流失风险用户
U001834,0,潜力用户
U001835,1,潜力用户
U001836,0,一般用户
U001837,0,潜力用户
U001838,2,流失风险用户
U001839,0,一般用户
U001840,0,一般用户
U001841,0,一般用户
U001842,1,高价值用户
U001843,0,潜力用户
U001844,0,潜力用户
U001845,0,流失风险用户
U001846,0,流失风险用户
U001847,0,一般用户
U001848,2,流失风险用户
U001849,0,潜力用户
U001850,1,潜力用户
U001851,0,潜力用户
U001852,0,潜力用户
U001853,0,高价值用户
U001854,0,潜力用户
U001855,0,潜力用户
U001856,0,高价值用户
U001857,0,一般用户
U001858,0,潜力用户
U001859,1,潜力用户
U001860,0,一般用户
U001861,0,流失风险用户
U001862,0,一般用户
U001863,0,流失风险用户
U001864,0,潜力用户
U001865,0,一般用户
U001866,0,潜力用户
U001867,0,高价值用户
U001868,0,一般用户
U001869,2,流失风险用户
U001870,2,流失风险用户
U001871,0,一般用户
U001872,0,一般用户
U001873,0,高价值用户
U001874,0,一般用户
U001875,0,潜力用户
U001876,0,高价值用户
U001877,0,一般用户
U001878,2,流失风险用户
U001879,0,一般用户
U001880,2,流失风险用户
U001881,0,潜力用户
U001882,1,潜力用户
U001883,0,流失风险用户
U001884,0,流失风险用户
U001885,1,高价值用户
U001886,0,潜力用户
U001887,0,潜力用户
U001888,0,潜力用户
U001889,0,一般用户
U001890,2,流失风险用户
U001891,0,流失风险用户
U001892,0,高价值用户
U001893,1,流失风险用户
U001894,0,高价值用户
U001895,2,流失风险用户
U001896,0,一般用户
U001897,0,潜力用户
U001898,0,潜力用户
U001899,0,流失风险用户
U001900,1,一般用户
U001901,0,潜力用户
U001902,0,潜力用户
U001903,0,潜力用户
U001904,0,高价值用户
U001905,1,流失风险用户
U001906,1,高价值用户
U001907,1,高价值用户
U001908,0,潜力用户
U001909,1,流失风险用户
U001910,0,一般用户
U001911,0,潜力用户
U001912,1,一般用户
U001913,1,一般用户
U001914,0,高价值用户
U001915,0,潜力用户
U001916,0,一般用户
U001917,1,潜力用户
U001918,2,流失风险用户
U001919,0,潜力用户
U001920,2,流失风险用户
U001921,0,流失风险用户
U001922,0,潜力用户
U001923,1,一般用户
U001924,0,一般用户
U001925,0,流失风险用户
U001926,0,流失风险用户
U001927,0,潜力用户
U001928,1,潜力用户
U001929,0,一般用户
U001930,2,流失风险用户
U001931,2,流失风险用户
U001932,1,高价值用户
U001933,0,高价值用户
U001934,0,潜力用户
U001935,0,潜力用户
U001936,0,高价值用户
U001937,0,一般用户
U001938,0,流失风险用户
U001939,0,一般用户
U001940,0,潜力用户
U001941,1,潜力用户
U001942,1,一般用户
U001943,0,流失风险用户
U001944,2,流失风险用户
U001945,0,一般用户
U001946,2,流失风险用户
U001947,2,流失风险用户
U001948,0,一般用户
U001949,0,流失风险用户
U001950,2,一般用户
U001951,0,潜力用户
U001952,0,高价值用户
U001953,1,一般用户
U001954,0,潜力用户
U001955,2,流失风险用户
U001956,0,流失风险用户
U001957,0,潜力用户
U001958,1,一般用户
U001959,0,一般用户
U001960,0,一般用户
U001961,0,流失风险用户
U001962,0,潜力用户
U001963,0,流失风险用户
U001964,0,流失风险用户
U001965,0,潜力用户
U001966,0,一般用户
U001967,0,潜力用户
U001968,0,潜力用户
U001969,2,流失风险用户
U001970,0,流失风险用户
U001971,1,流失风险用户
U001972,1,一般用户
U001973,0,潜力用户
U001974,0,一般用户
U001975,0,潜力用户
U001976,2,流失风险用户
U001977,0,流失风险用户
U001978,0,高价值用户
U001979,0,一般用户
U001980,0,潜力用户
U001981,0,潜力用户
U001982,1,一般用户
U001983,0,一般用户
U001984,0,一般用户
U001985,1,一般用户
U001986,1,潜力用户
U001987,1,潜力用户
U001988,1,潜力用户
U001989,1,潜力用户
U001990,0,流失风险用户
U001991,0,一般用户
U001992,0,潜力用户
U001993,1,潜力用户
U001994,0,潜力用户
U001995,0,流失风险用户
U001996,2,流失风险用户
U001997,1,高价值用户
U001998,1,高价值用户
U001999,0,流失风险用户
U002000,0,高价值用户
U002001,1,一般用户
U002002,1,高价值用户
U002003,0,潜力用户
U002004,0,一般用户
U002005,1,一般用户
U002006,1,一般用户
U002007,0,一般用户
U002008,1,流失风险用户
U002009,0,一般用户
U002010,1,流失风险用户
U002011,0,一般用户
U002012,0,潜力用户
U002013,1,流失风险用户
U002014,0,一般用户
U002015,1,一般用户
U002016,1,一般用户
U002017,0,流失风险用户
U002018,0,一般用户
U002019,0,潜力用户
U002020,1,高价值用户
U002021,0,潜力用户
U002022,0,潜力用户
U002023,0,流失风险用户
U002024,1,流失风险用户
U002025,0,高价值用户
U002026,0,流失风险用户
U002027,1,一般用户
U002028,2,流失风险用户
U002029,2,一般用户
U002030,0,潜力用户
U002031,0,流失风险用户
U002032,0,潜力用户
U002033,1,潜力用户
U002034,0,潜力用户
U002035,1,潜力用户
U002036,0,一般用户
U002037,0,一般用户
U002038,1,一般用户
U002039,1,一般用户
U002040,0,一般用户
U002041,0,潜力用户
U002042,0,高价值用户
U002043,1,流失风险用户
U002044,0,一般用户
U002045,0,流失风险用户
U002046,0,流失风险用户
U002047,0,流失风险用户
U002048,0,一般用户
U002049,0,潜力用户
U002050,1,流失风险用户
U002051,0,高价值用户
U002052,1,潜力用户
U002053,0,流失风险用户
U002054,0,一般用户
U002055,0,一般用户
U002056,0,潜力用户
U002057,0,高价值用户
U002058,0,流失风险用户
U002059,1,一般用户
U002060,1,流失风险用户
U002061,2,流失风险用户
U002062,0,高价值用户
U002063,0,高价值用户
U002064,0,潜力用户
U002065,0,一般用户
U002066,1,潜力用户
U002067,1,流失风险用户
U002068,0,潜力用户
U002069,0,高价值用户
U002070,1,高价值用户
U002071,1,高价值用户
U002072,2,流失风险用户
U002073,0,流失风险用户
U002074,0,潜力用户
U002075,0,一般用户
U002076,0,高价值用户
U002077,0,一般用户
U002078,0,潜力用户
U002079,0,高价值用户
U002080,0,一般用户
U002081,0,高价值用户
U002082,1,一般用户
U002083,2,流失风险用户
U002084,0,潜力用户
U002085,1,潜力用户
U002086,0,潜力用户
U002087,0,高价值用户
U002088,0,高价值用户
U002089,0,潜力用户
U002090,1,潜力用户
U002091,1,流失风险用户
U002092,0,一般用户
U002093,1,高价值用户
U002094,0,一般用户
U002095,0,流失风险用户
U002096,2,流失风险用户
U002097,2,流失风险用户
U002098,0,潜力用户
U002099,0,潜力用户
U002100,1,流失风险用户
U002101,0,潜力用户
U002102,0,流失风险用户
U002103,0,一般用户
U002104,0,高价值用户
U002105,0,潜力用户
U002106,0,潜力用户
U002107,0,高价值用户
U002108,0,潜力用户
U002109,0,潜力用户
U002110,0,潜力用户
U002111,2,流失风险用户
U002112,1,一般用户
U002113,0,高价值用户
U002114,0,流失风险用户
U002115,2,流失风险用户
U002116,0,高价值用户
U002117,0,潜力用户
U002118,0,高价值用户
U002119,0,一般用户
U002120,0,潜力用户
U002121,1,潜力用户
U002122,0,流失风险用户
U002123,1,潜力用户
U002124,0,潜力用户
U002125,0,一般用户
U002126,0,一般用户
U002127,2,流失风险用户
U002128,2,一般用户
U002129,0,一般用户
U002130,1,潜力用户
U002131,0,流失风险用户
U002132,0,潜力用户
U002133,0,一般用户
U002134,1,高价值用户
U002135,1,潜力用户
U002136,0,高价值用户
U002137,1,高价值用户
U002138,0,潜力用户
U002139,0,流失风险用户
U002140,2,流失风险用户
U002141,1,流失风险用户
U002142,0,流失风险用户
U002143,2,流失风险用户
U002144,0,潜力用户
U002145,0,流失风险用户
U002146,0,一般用户
U002147,0,流失风险用户
U002148,0,潜力用户
U002149,0,一般用户
U002150,1,流失风险用户
U002151,0,流失风险用户
U002152,1,一般用户
U002153,0,流失风险用户
U002154,1,一般用户
U002155,1,一般用户
U002156,0,潜力用户
U002157,1,潜力用户
U002158,2,流失风险用户
U002159,0,高价值用户
U002160,2,流失风险用户
U002161,0,潜力用户
U002162,1,流失风险用户
U002163,0,一般用户
U002164,0,潜力用户
U002165,1,高价值用户
U002166,0,流失风险用户
U002167,0,一般用户
U002168,1,一般用户
U002169,0,流失风险用户
U002170,1,流失风险用户
U002171,0,一般用户
U002172,0,流失风险用户
U002173,0,流失风险用户
U002174,0,流失风险用户
U002175,1,高价值用户
U002176,0,潜力用户
U002177,1,一般用户
U002178,1,潜力用户
U002179,1,潜力用户
U002180,0,高价值用户
U002181,0,潜力用户
U002182,0,一般用户
U002183,0,潜力用户
U002184,0,潜力用户
U002185,2,流失风险用户
U002186,0,一般用户
U002187,0,高价值用户
U002188,2,流失风险用户
U002189,0,高价值用户
U002190,1,高价值用户
U002191,0,流失风险用户
U002192,0,潜力用户
U002193,0,一般用户
U002194,0,一般用户
U002195,0,一般用户
U002196,0,一般用户
U002197,0,一般用户
U002198,0,一般用户
U002199,0,一般用户
U002200,0,潜力用户
U002201,0,高价值用户
U002202,0,潜力用户
U002203,0,潜力用户
U002204,0,一般用户
U002205,0,潜力用户
U002206,0,一般用户
U002207,0,一般用户
U002208,1,流失风险用户
U002209,0,一般用户
U002210,1,潜力用户
U002211,1,高价值用户
U002212,0,一般用户
U002213,2,流失风险用户
U002214,0,高价值用户
U002215,2,流失风险用户
U002216,2,流失风险用户
U002217,0,高价值用户
U002218,1,潜力用户
U002219,1,一般用户
U002220,0,流失风险用户
U002221,0,流失风险用户
U002222,1,一般用户
U002223,0,一般用户
U002224,0,流失风险用户
U002225,2,流失风险用户
U002226,0,一般用户
U002227,0,一般用户
U002228,0,一般用户
U002229,0,潜力用户
U002230,0,流失风险用户
U002231,1,一般用户
U002232,0,流失风险用户
U002233,1,潜力用户
U002234,1,流失风险用户
U002235,1,流失风险用户
U002236,0,一般用户
U002237,0,一般用户
U002238,0,潜力用户
U002239,0,一般用户
U002240,1,高价值用户
U002241,0,流失风险用户
U002242,1,高价值用户
U002243,0,流失风险用户
U002244,0,一般用户
U002245,0,一般用户
U002246,1,潜力用户
U002247,0,一般用户
U002248,2,流失风险用户
U002249,0,潜力用户
U002250,1,流失风险用户
U002251,0,流失风险用户
U002252,2,流失风险用户
U002253,1,一般用户
U002254,0,流失风险用户
U002255,1,流失风险用户
U002256,0,高价值用户
U002257,1,潜力用户
U002258,0,一般用户
U002259,2,流失风险用户
U002260,2,流失风险用户
U002261,1,潜力用户
U002262,1,流失风险用户
U002263,1,潜力用户
U002264,0,潜力用户
U002265,0,一般用户
U002266,0,一般用户
U002267,1,潜力用户
U002268,0,潜力用户
U002269,0,高价值用户
U002270,0,潜力用户
U002271,0,一般用户
U002272,0,流失风险用户
U002273,1,潜力用户
U002274,0,高价值用户
U002275,1,一般用户
U002276,2,流失风险用户
U002277,0,高价值用户
U002278,0,一般用户
U002279,0,一般用户
U002280,0,潜力用户
U002281,0,流失风险用户
U002282,0,高价值用户
U002283,1,潜力用户
U002284,0,一般用户
U002285,0,流失风险用户
U002286,0,一般用户
U002287,1,高价值用户
U002288,0,一般用户
U002289,1,潜力用户
U002290,0,潜力用户
U002291,0,一般用户
U002292,1,流失风险用户
U002293,1,高价值用户
U002294,2,流失风险用户
U002295,1,一般用户
U002296,1,一般用户
U002297,1,流失风险用户
U002298,2,流失风险用户
U002299,0,高价值用户
U002300,0,一般用户
U002301,0,流失风险用户
U002302,1,一般用户
U002303,0,潜力用户
U002304,1,一般用户
U002305,2,流失风险用户
U002306,1,潜力用户
U002307,0,一般用户
U002308,0,高价值用户
U002309,2,一般用户
U002310,1,潜力用户
U002311,2,流失风险用户
U002312,0,潜力用户
U002313,0,潜力用户
U002314,1,潜力用户
U002315,1,高价值用户
U002316,1,一般用户
U002317,0,潜力用户
U002318,0,高价值用户
U002319,0,高价值用户
U002320,0,流失风险用户
U002321,1,一般用户
U002322,0,潜力用户
U002323,0,潜力用户
U002324,0,一般用户
U002325,1,潜力用户
U002326,0,流失风险用户
U002327,1,一般用户
U002328,0,潜力用户
U002329,1,一般用户
U002330,0,高价值用户
U002331,0,潜力用户
U002332,0,一般用户
U002333,0,一般用户
U002334,0,一般用户
U002335,2,流失风险用户
U002336,0,高价值用户
U002337,1,潜力用户
U002338,0,一般用户
U002339,0,高价值用户
U002340,0,潜力用户
U002341,0,一般用户
U002342,0,潜力用户
U002343,0,潜力用户
U002344,0,一般用户
U002345,0,一般用户
U002346,1,高价值用户
U002347,0,流失风险用户
U002348,0,潜力用户
U002349,1,一般用户
U002350,0,一般用户
U002351,0,潜力用户
U002352,1,一般用户
U002353,0,一般用户
U002354,0,潜力用户
U002355,1,潜力用户
U002356,2,流失风险用户
U002357,2,流失风险用户
U002358,0,一般用户
U002359,0,一般用户
U002360,0,一般用户
U002361,1,高价值用户
U002362,1,潜力用户
U002363,0,流失风险用户
U002364,0,高价值用户
U002365,1,一般用户
U002366,0,潜力用户
U002367,0,一般用户
U002368,0,高价值用户
U002369,0,高价值用户
U002370,1,流失风险用户
U002371,0,潜力用户
U002372,1,潜力用户
U002373,0,一般用户
U002374,0,高价值用户
U002375,1,潜力用户
U002376,1,流失风险用户
U002377,0,流失风险用户
U002378,0,潜力用户
U002379,0,潜力用户
U002380,2,流失风险用户
U002381,0,高价值用户
U002382,0,一般用户
U002383,0,流失风险用户
U002384,0,一般用户
U002385,0,高价值用户
U002386,1,一般用户
U002387,1,一般用户
U002388,2,流失风险用户
U002389,0,流失风险用户
U002390,0,流失风险用户
U002391,0,潜力用户
U002392,0,潜力用户
U002393,0,高价值用户
U002394,0,流失风险用户
U002395,1,一般用户
U002396,0,高价值用户
U002397,0,一般用户
U002398,1,一般用户
U002399,0,潜力用户
U002400,2,流失风险用户
U002401,0,潜力用户
U002402,0,潜力用户
U002403,0,潜力用户
U002404,0,一般用户
U002405,0,潜力用户
U002406,0,一般用户
U002407,1,一般用户
U002408,1,高价值用户
U002409,2,流失风险用户
U002410,0,一般用户
U002411,1,潜力用户
U002412,0,一般用户
U002413,0,潜力用户
U002414,0,潜力用户
U002415,0,流失风险用户
U002416,1,一般用户
U002417,0,潜力用户
U002418,2,流失风险用户
U002419,0,流失风险用户
U002420,1,高价值用户
U002421,0,一般用户
U002422,2,流失风险用户
U002423,0,流失风险用户
U002424,0,流失风险用户
U002425,1,流失风险用户
U002426,1,一般用户
U002427,2,流失风险用户
U002428,2,流失风险用户
U002429,1,流失风险用户
U002430,0,潜力用户
U002431,0,高价值用户
U002432,0,潜力用户
U002433,0,一般用户
U002434,0,潜力用户
U002435,0,潜力用户
U002436,0,一般用户
U002437,0,潜力用户
U002438,0,潜力用户
U002439,0,高价值用户
U002440,0,流失风险用户
U002441,0,潜力用户
U002442,0,一般用户
U002443,0,流失风险用户
U002444,0,潜力用户
U002445,0,潜力用户
U002446,0,一般用户
U002447,0,流失风险用户
U002448,0,潜力用户
U002449,0,一般用户
U002450,0,一般用户
U002451,1,高价值用户
U002452,2,流失风险用户
U002453,0,一般用户
U002454,1,高价值用户
U002455,0,流失风险用户
U002456,0,高价值用户
U002457,0,潜力用户
U002458,2,流失风险用户
U002459,0,流失风险用户
U002460,0,潜力用户
U002461,0,流失风险用户
U002462,0,潜力用户
U002463,0,潜力用户
U002464,2,流失风险用户
U002465,1,潜力用户
U002466,0,一般用户
U002467,2,流失风险用户
U002468,0,一般用户
U002469,1,潜力用户
U002470,0,高价值用户
U002471,0,潜力用户
U002472,0,流失风险用户
U002473,2,流失风险用户
U002474,0,潜力用户
U002475,0,一般用户
U002476,1,流失风险用户
U002477,0,流失风险用户
U002478,0,潜力用户
U002479,0,一般用户
U002480,0,潜力用户
U002481,0,潜力用户
U002482,0,一般用户
U002483,0,潜力用户
U002484,0,一般用户
U002485,0,流失风险用户
U002486,0,潜力用户
U002487,1,一般用户
U002488,0,潜力用户
U002489,0,潜力用户
U002490,0,高价值用户
U002491,1,潜力用户
U002492,0,潜力用户
U002493,1,一般用户
U002494,0,一般用户
U002495,0,潜力用户
U002496,0,高价值用户
U002497,0,一般用户
U002498,0,一般用户
U002499,0,一般用户
U002500,1,流失风险用户
U002501,0,潜力用户
U002502,0,高价值用户
U002503,0,潜力用户
U002504,0,潜力用户
U002505,0,流失风险用户
U002506,0,潜力用户
U002507,0,一般用户
U002508,1,潜力用户
U002509,0,一般用户
U002510,0,流失风险用户
U002511,2,流失风险用户
U002512,1,潜力用户
U002513,0,潜力用户
U002514,2,流失风险用户
U002515,0,潜力用户
U002516,0,一般用户
U002517,0,一般用户
U002518,0,高价值用户
U002519,0,一般用户
U002520,1,一般用户
U002521,0,潜力用户
U002522,0,潜力用户
U002523,2,流失风险用户
U002524,1,潜力用户
U002525,0,一般用户
U002526,0,一般用户
U002527,1,流失风险用户
U002528,0,潜力用户
U002529,0,高价值用户
U002530,0,一般用户
U002531,0,潜力用户
U002532,0,一般用户
U002533,1,流失风险用户
U002534,0,流失风险用户
U002535,0,一般用户
U002536,0,潜力用户
U002537,0,一般用户
U002538,1,潜力用户
U002539,0,潜力用户
U002540,0,一般用户
U002541,0,一般用户
U002542,0,高价值用户
U002543,0,一般用户
U002544,1,一般用户
U002545,0,一般用户
U002546,0,潜力用户
U002547,1,潜力用户
U002548,0,高价值用户
U002549,0,一般用户
U002550,0,一般用户
U002551,1,潜力用户
U002552,0,一般用户
U002553,2,一般用户
U002554,0,潜力用户
U002555,1,一般用户
U002556,0,潜力用户
U002557,0,潜力用户
U002558,1,一般用户
U002559,0,流失风险用户
U002560,0,流失风险用户
U002561,0,潜力用户
U002562,0,一般用户
U002563,1,一般用户
U002564,0,一般用户
U002565,1,潜力用户
U002566,0,潜力用户
U002567,2,流失风险用户
U002568,0,高价值用户
U002569,0,流失风险用户
U002570,1,一般用户
U002571,0,流失风险用户
U002572,0,一般用户
U002573,1,一般用户
U002574,0,潜力用户
U002575,1,潜力用户
U002576,0,潜力用户
U002577,0,潜力用户
U002578,2,流失风险用户
U002579,2,流失风险用户
U002580,0,潜力用户
U002581,0,高价值用户
U002582,0,一般用户
U002583,1,流失风险用户
U002584,1,潜力用户
U002585,0,一般用户
U002586,0,潜力用户
U002587,1,高价值用户
U002588,0,流失风险用户
U002589,0,潜力用户
U002590,0,流失风险用户
U002591,0,潜力用户
U002592,0,一般用户
U002593,0,一般用户
U002594,0,一般用户
U002595,0,高价值用户
U002596,0,一般用户
U002597,1,潜力用户
U002598,2,流失风险用户
U002599,0,高价值用户
U002600,0,潜力用户
U002601,0,潜力用户
U002602,1,一般用户
U002603,1,潜力用户
U002604,1,流失风险用户
U002605,1,潜力用户
U002606,0,高价值用户
U002607,1,一般用户
U002608,0,潜力用户
U002609,2,流失风险用户
U002610,0,一般用户
U002611,0,潜力用户
U002612,0,潜力用户
U002613,0,高价值用户
U002614,0,一般用户
U002615,1,高价值用户
U002616,0,一般用户
U002617,1,潜力用户
U002618,2,流失风险用户
U002619,1,一般用户
U002620,1,潜力用户
U002621,0,潜力用户
U002622,0,高价值用户
U002623,0,一般用户
U002624,0,一般用户
U002625,2,流失风险用户
U002626,1,高价值用户
U002627,1,潜力用户
U002628,0,潜力用户
U002629,0,一般用户
U002630,1,流失风险用户
U002631,1,一般用户
U002632,0,潜力用户
U002633,0,高价值用户
U002634,0,潜力用户
U002635,0,高价值用户
U002636,0,一般用户
U002637,0,一般用户
U002638,1,高价值用户
U002639,0,流失风险用户
U002640,0,潜力用户
U002641,1,一般用户
U002642,2,流失风险用户
U002643,0,一般用户
U002644,0,高价值用户
U002645,1,流失风险用户
U002646,1,潜力用户
U002647,2,流失风险用户
U002648,1,一般用户
U002649,1,潜力用户
U002650,0,一般用户
U002651,2,流失风险用户
U002652,0,潜力用户
U002653,0,潜力用户
U002654,2,流失风险用户
U002655,1,潜力用户
U002656,2,流失风险用户
U002657,0,一般用户
U002658,0,一般用户
U002659,0,潜力用户
U002660,1,潜力用户
U002661,1,一般用户
U002662,0,高价值用户
U002663,0,流失风险用户
U002664,2,流失风险用户
U002665,0,潜力用户
U002666,0,潜力用户
U002667,0,一般用户
U002668,2,流失风险用户
U002669,1,流失风险用户
U002670,0,流失风险用户
U002671,0,潜力用户
U002672,1,高价值用户
U002673,0,潜力用户
U002674,0,高价值用户
U002675,1,潜力用户
U002676,2,流失风险用户
U002677,0,一般用户
U002678,0,一般用户
U002679,0,一般用户
U002680,2,流失风险用户
U002681,0,潜力用户
U002682,0,潜力用户
U002683,1,潜力用户
U002684,1,潜力用户
U002685,1,高价值用户
U002686,0,一般用户
U002687,2,流失风险用户
U002688,0,一般用户
U002689,0,流失风险用户
U002690,1,一般用户
U002691,0,一般用户
U002692,0,一般用户
U002693,0,潜力用户
U002694,0,潜力用户
U002695,0,流失风险用户
U002696,0,一般用户
U002697,1,潜力用户
U002698,2,流失风险用户
U002699,0,一般用户
U002700,1,潜力用户
U002701,1,一般用户
U002702,1,高价值用户
U002703,1,高价值用户
U002704,0,一般用户
U002705,0,一般用户
U002706,2,流失风险用户
U002707,0,一般用户
U002708,0,一般用户
U002709,1,一般用户
U002710,0,一般用户
U002711,2,流失风险用户
U002712,0,高价值用户
U002713,0,一般用户
U002714,1,流失风险用户
U002715,0,高价值用户
U002716,0,一般用户
U002717,0,潜力用户
U002718,0,一般用户
U002719,0,高价值用户
U002720,0,潜力用户
U002721,0,潜力用户
U002722,0,一般用户
U002723,0,一般用户
U002724,0,流失风险用户
U002725,0,流失风险用户
U002726,0,一般用户
U002727,0,流失风险用户
U002728,0,潜力用户
U002729,0,一般用户
U002730,1,一般用户
U002731,2,流失风险用户
U002732,2,流失风险用户
U002733,1,潜力用户
U002734,0,流失风险用户
U002735,1,流失风险用户
U002736,0,潜力用户
U002737,0,一般用户
U002738,2,流失风险用户
U002739,2,流失风险用户
U002740,1,流失风险用户
U002741,0,高价值用户
U002742,0,流失风险用户
U002743,0,一般用户
U002744,1,一般用户
U002745,1,高价值用户
U002746,0,潜力用户
U002747,0,潜力用户
U002748,0,高价值用户
U002749,1,潜力用户
U002750,0,一般用户
U002751,0,流失风险用户
U002752,0,潜力用户
U002753,0,一般用户
U002754,2,流失风险用户
U002755,0,流失风险用户
U002756,0,一般用户
U002757,0,一般用户
U002758,0,流失风险用户
U002759,1,高价值用户
U002760,0,潜力用户
U002761,2,流失风险用户
U002762,0,高价值用户
U002763,1,流失风险用户
U002764,1,潜力用户
U002765,0,流失风险用户
U002766,1,高价值用户
U002767,2,流失风险用户
U002768,0,一般用户
U002769,0,高价值用户
U002770,0,潜力用户
U002771,0,一般用户
U002772,1,潜力用户
U002773,0,一般用户
U002774,1,一般用户
U002775,0,潜力用户
U002776,0,一般用户
U002777,0,潜力用户
U002778,0,一般用户
U002779,0,一般用户
U002780,1,流失风险用户
U002781,0,潜力用户
U002782,0,一般用户
U002783,1,流失风险用户
U002784,1,一般用户
U002785,0,潜力用户
U002786,1,流失风险用户
U002787,0,一般用户
U002788,0,流失风险用户
U002789,0,高价值用户
U002790,0,高价值用户
U002791,1,潜力用户
U002792,1,一般用户
U002793,1,一般用户
U002794,0,潜力用户
U002795,0,潜力用户
U002796,0,潜力用户
U002797,0,流失风险用户
U002798,2,流失风险用户
U002799,0,高价值用户
U002800,0,潜力用户
U002801,1,流失风险用户
U002802,0,高价值用户
U002803,1,潜力用户
U002804,0,潜力用户
U002805,0,高价值用户
U002806,2,流失风险用户
U002807,0,一般用户
U002808,2,一般用户
U002809,0,潜力用户
U002810,0,一般用户
U002811,1,高价值用户
U002812,0,一般用户
U002813,0,一般用户
U002814,2,流失风险用户
U002815,2,流失风险用户
U002816,0,流失风险用户
U002817,0,一般用户
U002818,1,潜力用户
U002819,0,潜力用户
U002820,0,高价值用户
U002821,0,潜力用户
U002822,0,一般用户
U002823,1,潜力用户
U002824,1,高价值用户
U002825,0,潜力用户
U002826,0,潜力用户
U002827,0,一般用户
U002828,0,高价值用户
U002829,1,一般用户
U002830,0,一般用户
U002831,2,流失风险用户
U002832,0,潜力用户
U002833,0,一般用户
U002834,1,高价值用户
U002835,0,一般用户
U002836,0,高价值用户
U002837,0,流失风险用户
U002838,0,潜力用户
U002839,0,流失风险用户
U002840,1,一般用户
U002841,1,流失风险用户
U002842,2,流失风险用户
U002843,0,一般用户
U002844,2,流失风险用户
U002845,1,一般用户
U002846,0,潜力用户
U002847,0,一般用户
U002848,0,流失风险用户
U002849,0,一般用户
U002850,0,高价值用户
U002851,1,潜力用户
U002852,0,一般用户
U002853,1,潜力用户
U002854,0,一般用户
U002855,0,流失风险用户
U002856,0,潜力用户
U002857,0,潜力用户
U002858,1,高价值用户
U002859,0,流失风险用户
U002860,2,流失风险用户
U002861,1,流失风险用户
U002862,0,高价值用户
U002863,1,潜力用户
U002864,0,一般用户
U002865,1,潜力用户
U002866,0,潜力用户
U002867,0,高价值用户
U002868,0,高价值用户
U002869,1,流失风险用户
U002870,0,潜力用户
U002871,2,流失风险用户
U002872,0,潜力用户
U002873,0,高价值用户
U002874,1,潜力用户
U002875,0,一般用户
U002876,0,流失风险用户
U002877,0,流失风险用户
U002878,1,潜力用户
U002879,1,流失风险用户
U002880,0,流失风险用户
U002881,0,潜力用户
U002882,1,潜力用户
U002883,1,一般用户
U002884,0,流失风险用户
U002885,1,高价值用户
U002886,1,一般用户
U002887,0,高价值用户
U002888,1,潜力用户
U002889,0,一般用户
U002890,1,流失风险用户
U002891,0,高价值用户
U002892,0,高价值用户
U002893,2,一般用户
U002894,0,一般用户
U002895,1,潜力用户
U002896,1,一般用户
U002897,1,一般用户
U002898,1,一般用户
U002899,1,一般用户
U002900,1,潜力用户
U002901,0,一般用户
U002902,0,高价值用户
U002903,2,流失风险用户
U002904,2,流失风险用户
U002905,1,流失风险用户
U002906,1,高价值用户
U002907,2,流失风险用户
U002908,1,潜力用户
U002909,1,一般用户
U002910,1,一般用户
U002911,0,一般用户
U002912,1,流失风险用户
U002913,0,一般用户
U002914,0,高价值用户
U002915,1,高价值用户
U002916,1,潜力用户
U002917,0,潜力用户
U002918,1,一般用户
U002919,2,流失风险用户
U002920,2,一般用户
U002921,0,流失风险用户
U002922,0,一般用户
U002923,0,潜力用户
U002924,1,高价值用户
U002925,1,一般用户
U002926,0,高价值用户
U002927,0,一般用户
U002928,0,潜力用户
U002929,1,潜力用户
U002930,1,潜力用户
U002931,0,一般用户
U002932,0,一般用户
U002933,2,流失风险用户
U002934,1,一般用户
U002935,1,流失风险用户
U002936,0,一般用户
U002937,2,流失风险用户
U002938,0,潜力用户
U002939,0,高价值用户
U002940,1,高价值用户
U002941,0,一般用户
U002942,0,潜力用户
U002943,2,流失风险用户
U002944,2,流失风险用户
U002945,0,一般用户
U002946,0,潜力用户
U002947,0,一般用户
U002948,0,一般用户
U002949,0,潜力用户
U002950,0,一般用户
U002951,2,一般用户
U002952,1,流失风险用户
U002953,0,流失风险用户
U002954,1,潜力用户
U002955,0,流失风险用户
U002956,0,流失风险用户
U002957,0,流失风险用户
U002958,1,潜力用户
U002959,0,一般用户
U002960,1,潜力用户
U002961,0,流失风险用户
U002962,1,潜力用户
U002963,0,一般用户
U002964,0,高价值用户
U002965,0,流失风险用户
U002966,1,一般用户
U002967,0,一般用户
U002968,0,流失风险用户
U002969,0,流失风险用户
U002970,1,高价值用户
U002971,1,一般用户
U002972,0,潜力用户
U002973,2,流失风险用户
U002974,0,一般用户
U002975,0,流失风险用户
U002976,2,流失风险用户
U002977,0,潜力用户
U002978,0,一般用户
U002979,0,潜力用户
U002980,0,一般用户
U002981,2,流失风险用户
U002982,1,潜力用户
U002983,2,流失风险用户
U002984,0,潜力用户
U002985,2,流失风险用户
U002986,2,流失风险用户
U002987,1,潜力用户
U002988,0,一般用户
U002989,0,一般用户
U002990,2,流失风险用户
U002991,2,流失风险用户
U002992,0,一般用户
U002993,0,流失风险用户
U002994,1,一般用户
U002995,0,潜力用户
U002996,0,流失风险用户
U002997,0,流失风险用户
U002998,2,流失风险用户
U002999,0,一般用户
U003000,0,潜力用户
U003001,0,高价值用户
U003002,0,一般用户
U003003,0,高价值用户
U003004,1,一般用户
U003005,0,潜力用户
U003006,1,一般用户
U003007,0,一般用户
U003008,0,高价值用户
U003009,0,潜力用户
U003010,1,一般用户
U003011,0,流失风险用户
U003012,0,高价值用户
U003013,0,一般用户
U003014,0,潜力用户
U003015,1,一般用户
U003016,0,一般用户
U003017,0,一般用户
U003018,0,高价值用户
U003019,0,潜力用户
U003020,0,高价值用户
U003021,0,一般用户
U003022,0,一般用户
U003023,0,一般用户
U003024,0,潜力用户
U003025,0,一般用户
U003026,0,潜力用户
U003027,0,潜力用户
U003028,0,一般用户
U003029,0,高价值用户
U003030,1,流失风险用户
U003031,0,一般用户
U003032,0,潜力用户
U003033,1,流失风险用户
U003034,0,高价值用户
U003035,0,一般用户
U003036,0,一般用户
U003037,0,高价值用户
U003038,1,潜力用户
U003039,0,高价值用户
U003040,0,潜力用户
U003041,0,一般用户
U003042,0,一般用户
U003043,1,潜力用户
U003044,0,一般用户
U003045,0,潜力用户
U003046,2,流失风险用户
U003047,0,高价值用户
U003048,1,流失风险用户
U003049,1,高价值用户
U003050,0,潜力用户
U003051,0,一般用户
U003052,0,一般用户
U003053,1,一般用户
U003054,1,潜力用户
U003055,0,一般用户
U003056,0,一般用户
U003057,0,一般用户
U003058,0,潜力用户
U003059,0,潜力用户
U003060,2,流失风险用户
U003061,0,潜力用户
U003062,0,潜力用户
U003063,2,流失风险用户
U003064,1,一般用户
U003065,2,流失风险用户
U003066,0,一般用户
U003067,0,潜力用户
U003068,0,流失风险用户
U003069,0,一般用户
U003070,1,潜力用户
U003071,1,流失风险用户
U003072,0,流失风险用户
U003073,0,高价值用户
U003074,0,一般用户
U003075,1,潜力用户
U003076,0,高价值用户
U003077,0,潜力用户
U003078,0,高价值用户
U003079,1,流失风险用户
U003080,1,潜力用户
U003081,0,流失风险用户
U003082,0,一般用户
U003083,0,潜力用户
U003084,0,流失风险用户
U003085,0,流失风险用户
U003086,2,流失风险用户
U003087,0,一般用户
U003088,0,高价值用户
U003089,0,潜力用户
U003090,1,流失风险用户
U003091,0,潜力用户
U003092,0,流失风险用户
U003093,0,潜力用户
U003094,1,潜力用户
U003095,0,一般用户
U003096,0,一般用户
U003097,0,一般用户
U003098,0,一般用户
U003099,0,一般用户
U003100,1,一般用户
U003101,2,流失风险用户
U003102,1,流失风险用户
U003103,1,流失风险用户
U003104,2,流失风险用户
U003105,0,潜力用户
U003106,0,潜力用户
U003107,1,潜力用户
U003108,2,流失风险用户
U003109,1,一般用户
U003110,0,流失风险用户
U003111,1,潜力用户
U003112,0,流失风险用户
U003113,0,一般用户
U003114,0,一般用户
U003115,0,流失风险用户
U003116,0,流失风险用户
U003117,1,流失风险用户
U003118,0,一般用户
U003119,0,流失风险用户
U003120,0,一般用户
U003121,0,一般用户
U003122,0,一般用户
U003123,0,高价值用户
U003124,1,流失风险用户
U003125,0,高价值用户
U003126,0,潜力用户
U003127,1,潜力用户
U003128,0,高价值用户
U003129,2,一般用户
U003130,0,高价值用户
U003131,0,一般用户
U003132,0,流失风险用户
U003133,0,一般用户
U003134,2,流失风险用户
U003135,1,潜力用户
U003136,1,潜力用户
U003137,0,潜力用户
U003138,0,潜力用户
U003139,2,流失风险用户
U003140,0,高价值用户
U003141,0,流失风险用户
U003142,0,潜力用户
U003143,1,潜力用户
U003144,0,潜力用户
U003145,0,一般用户
U003146,1,高价值用户
U003147,0,高价值用户
U003148,2,流失风险用户
U003149,1,一般用户
U003150,0,一般用户
U003151,0,高价值用户
U003152,0,潜力用户
U003153,0,高价值用户
U003154,1,一般用户
U003155,0,高价值用户
U003156,0,流失风险用户
U003157,0,高价值用户
U003158,2,流失风险用户
U003159,1,高价值用户
U003160,0,流失风险用户
U003161,1,流失风险用户
U003162,0,潜力用户
U003163,2,流失风险用户
U003164,0,一般用户
U003165,0,高价值用户
U003166,0,高价值用户
U003167,0,高价值用户
U003168,0,一般用户
U003169,1,流失风险用户
U003170,2,流失风险用户
U003171,0,潜力用户
U003172,0,潜力用户
U003173,0,潜力用户
U003174,1,潜力用户
U003175,0,一般用户
U003176,2,流失风险用户
U003177,0,一般用户
U003178,0,潜力用户
U003179,1,潜力用户
U003180,2,一般用户
U003181,0,潜力用户
U003182,2,流失风险用户
U003183,0,高价值用户
U003184,0,一般用户
U003185,2,流失风险用户
U003186,0,一般用户
U003187,0,潜力用户
U003188,0,流失风险用户
U003189,0,高价值用户
U003190,0,一般用户
U003191,0,高价值用户
U003192,0,流失风险用户
U003193,0,高价值用户
U003194,0,流失风险用户
U003195,1,潜力用户
U003196,0,一般用户
U003197,0,流失风险用户
U003198,2,流失风险用户
U003199,0,一般用户
U003200,0,流失风险用户
U003201,0,一般用户
U003202,0,潜力用户
U003203,0,一般用户
U003204,0,潜力用户
U003205,0,潜力用户
U003206,0,一般用户
U003207,0,高价值用户
U003208,1,高价值用户
U003209,0,潜力用户
U003210,2,流失风险用户
U003211,0,一般用户
U003212,0,潜力用户
U003213,0,一般用户
U003214,0,高价值用户
U003215,0,潜力用户
U003216,0,流失风险用户
U003217,0,一般用户
U003218,0,高价值用户
U003219,0,潜力用户
U003220,1,潜力用户
U003221,1,一般用户
U003222,0,流失风险用户
U003223,2,流失风险用户
U003224,0,高价值用户
U003225,0,潜力用户
U003226,0,一般用户
U003227,1,潜力用户
U003228,0,潜力用户
U003229,0,流失风险用户
U003230,0,潜力用户
U003231,1,潜力用户
U003232,0,潜力用户
U003233,0,潜力用户
U003234,0,潜力用户
U003235,2,流失风险用户
U003236,1,一般用户
U003237,0,一般用户
U003238,1,一般用户
U003239,0,流失风险用户
U003240,0,高价值用户
U003241,0,潜力用户
U003242,1,流失风险用户
U003243,0,潜力用户
U003244,0,高价值用户
U003245,1,一般用户
U003246,0,一般用户
U003247,0,一般用户
U003248,0,高价值用户
U003249,0,潜力用户
U003250,0,高价值用户
U003251,2,流失风险用户
U003252,2,流失风险用户
U003253,1,流失风险用户
U003254,0,流失风险用户
U003255,0,一般用户
U003256,0,流失风险用户
U003257,1,潜力用户
U003258,0,潜力用户
U003259,0,高价值用户
U003260,0,高价值用户
U003261,0,潜力用户
U003262,0,流失风险用户
U003263,2,流失风险用户
U003264,1,一般用户
U003265,0,一般用户
U003266,0,一般用户
U003267,0,一般用户
U003268,0,一般用户
U003269,1,潜力用户
U003270,0,一般用户
U003271,0,潜力用户
U003272,0,流失风险用户
U003273,0,潜力用户
U003274,0,潜力用户
U003275,0,潜力用户
U003276,2,流失风险用户
U003277,0,一般用户
U003278,1,一般用户
U003279,0,流失风险用户
U003280,0,一般用户
U003281,0,高价值用户
U003282,0,流失风险用户
U003283,1,潜力用户
U003284,1,潜力用户
U003285,1,一般用户
U003286,1,一般用户
U003287,1,流失风险用户
U003288,2,流失风险用户
U003289,0,高价值用户
U003290,0,一般用户
U003291,0,潜力用户
U003292,0,潜力用户
U003293,0,一般用户
U003294,1,流失风险用户
U003295,1,高价值用户
U003296,0,流失风险用户
U003297,0,流失风险用户
U003298,0,潜力用户
U003299,1,流失风险用户
U003300,0,流失风险用户
U003301,0,高价值用户
U003302,0,流失风险用户
U003303,2,一般用户
U003304,0,潜力用户
U003305,0,一般用户
U003306,0,流失风险用户
U003307,2,流失风险用户
U003308,0,一般用户
U003309,0,潜力用户
U003310,0,潜力用户
U003311,0,流失风险用户
U003312,0,流失风险用户
U003313,2,流失风险用户
U003314,1,高价值用户
U003315,0,一般用户
U003316,0,潜力用户
U003317,1,一般用户
U003318,1,潜力用户
U003319,2,流失风险用户
U003320,1,流失风险用户
U003321,0,流失风险用户
U003322,0,高价值用户
U003323,1,流失风险用户
U003324,2,流失风险用户
U003325,1,一般用户
U003326,0,高价值用户
U003327,1,流失风险用户
U003328,1,一般用户
U003329,0,一般用户
U003330,1,潜力用户
U003331,2,流失风险用户
U003332,1,一般用户
U003333,0,流失风险用户
U003334,1,高价值用户
U003335,1,流失风险用户
U003336,2,流失风险用户
U003337,1,流失风险用户
U003338,0,高价值用户
U003339,0,流失风险用户
U003340,1,潜力用户
U003341,2,一般用户
U003342,2,流失风险用户
U003343,0,一般用户
U003344,0,一般用户
U003345,0,高价值用户
U003346,0,高价值用户
U003347,2,流失风险用户
U003348,0,高价值用户
U003349,0,潜力用户
U003350,0,流失风险用户
U003351,1,高价值用户
U003352,1,一般用户
U003353,2,流失风险用户
U003354,2,流失风险用户
U003355,0,一般用户
U003356,0,一般用户
U003357,0,流失风险用户
U003358,0,流失风险用户
U003359,1,高价值用户
U003360,0,高价值用户
U003361,1,一般用户
U003362,1,高价值用户
U003363,0,一般用户
U003364,1,一般用户
U003365,2,流失风险用户
U003366,0,潜力用户
U003367,1,高价值用户
U003368,0,高价值用户
U003369,0,潜力用户
U003370,0,潜力用户
U003371,1,流失风险用户
U003372,2,一般用户
U003373,0,流失风险用户
U003374,0,潜力用户
U003375,2,一般用户
U003376,0,流失风险用户
U003377,2,流失风险用户
U003378,0,高价值用户
U003379,1,潜力用户
U003380,0,高价值用户
U003381,0,流失风险用户
U003382,0,潜力用户
U003383,0,流失风险用户
U003384,0,一般用户
U003385,0,一般用户
U003386,0,一般用户
U003387,1,一般用户
U003388,0,潜力用户
U003389,0,一般用户
U003390,1,潜力用户
U003391,0,一般用户
U003392,0,一般用户
U003393,0,高价值用户
U003394,1,一般用户
U003395,0,一般用户
U003396,1,潜力用户
U003397,0,一般用户
U003398,0,高价值用户
U003399,0,高价值用户
U003400,1,高价值用户
U003401,2,流失风险用户
U003402,0,一般用户
U003403,0,潜力用户
U003404,0,潜力用户
U003405,0,潜力用户
U003406,1,流失风险用户
U003407,2,流失风险用户
U003408,1,高价值用户
U003409,0,潜力用户
U003410,0,高价值用户
U003411,0,潜力用户
U003412,2,流失风险用户
U003413,0,潜力用户
U003414,0,一般用户
U003415,0,潜力用户
U003416,0,潜力用户
U003417,1,流失风险用户
U003418,0,潜力用户
U003419,1,一般用户
U003420,0,潜力用户
U003421,1,潜力用户
U003422,0,流失风险用户
U003423,1,流失风险用户
U003424,1,一般用户
U003425,1,一般用户
U003426,0,一般用户
U003427,0,高价值用户
U003428,0,高价值用户
U003429,0,潜力用户
U003430,1,一般用户
U003431,2,流失风险用户
U003432,1,一般用户
U003433,0,一般用户
U003434,1,高价值用户
U003435,0,潜力用户
U003436,0,高价值用户
U003437,0,潜力用户
U003438,0,流失风险用户
U003439,0,流失风险用户
U003440,0,一般用户
U003441,1,流失风险用户
U003442,0,高价值用户
U003443,0,潜力用户
U003444,0,潜力用户
U003445,1,潜力用户
U003446,1,高价值用户
U003447,0,流失风险用户
U003448,0,流失风险用户
U003449,2,流失风险用户
U003450,1,流失风险用户
U003451,0,高价值用户
U003452,0,潜力用户
U003453,0,一般用户
U003454,0,潜力用户
U003455,0,一般用户
U003456,0,高价值用户
U003457,0,一般用户
U003458,0,一般用户
U003459,0,流失风险用户
U003460,0,一般用户
U003461,0,一般用户
U003462,0,高价值用户
U003463,1,潜力用户
U003464,0,一般用户
U003465,1,流失风险用户
U003466,0,潜力用户
U003467,0,一般用户
U003468,1,一般用户
U003469,0,高价值用户
U003470,0,流失风险用户
U003471,0,流失风险用户
U003472,0,高价值用户
U003473,0,潜力用户
U003474,0,一般用户
U003475,0,流失风险用户
U003476,0,潜力用户
U003477,0,流失风险用户
U003478,2,流失风险用户
U003479,0,高价值用户
U003480,0,一般用户
U003481,0,一般用户
U003482,2,流失风险用户
U003483,0,潜力用户
U003484,0,潜力用户
U003485,0,潜力用户
U003486,0,潜力用户
U003487,0,潜力用户
U003488,0,高价值用户
U003489,0,潜力用户
U003490,0,一般用户
U003491,0,一般用户
U003492,0,一般用户
U003493,0,高价值用户
U003494,2,流失风险用户
U003495,0,高价值用户
U003496,0,一般用户
U003497,0,一般用户
U003498,0,流失风险用户
U003499,1,流失风险用户
U003500,1,高价值用户
U003501,0,流失风险用户
U003502,0,一般用户
U003503,0,流失风险用户
U003504,0,一般用户
U003505,0,潜力用户
U003506,0,潜力用户
U003507,0,潜力用户
U003508,2,流失风险用户
U003509,1,一般用户
U003510,0,一般用户
U003511,1,高价值用户
U003512,0,一般用户
U003513,1,一般用户
U003514,2,一般用户
U003515,0,流失风险用户
U003516,0,潜力用户
U003517,1,潜力用户
U003518,1,潜力用户
U003519,0,一般用户
U003520,0,流失风险用户
U003521,0,高价值用户
U003522,0,流失风险用户
U003523,2,流失风险用户
U003524,1,高价值用户
U003525,1,一般用户
U003526,0,高价值用户
U003527,0,潜力用户
U003528,1,一般用户
U003529,0,高价值用户
U003530,0,一般用户
U003531,0,流失风险用户
U003532,0,一般用户
U003533,2,流失风险用户
U003534,0,一般用户
U003535,1,一般用户
U003536,0,潜力用户
U003537,0,一般用户
U003538,0,流失风险用户
U003539,0,潜力用户
U003540,0,一般用户
U003541,0,高价值用户
U003542,0,一般用户
U003543,1,流失风险用户
U003544,0,高价值用户
U003545,1,潜力用户
U003546,1,流失风险用户
U003547,0,流失风险用户
U003548,0,高价值用户
U003549,1,高价值用户
U003550,1,潜力用户
U003551,0,流失风险用户
U003552,1,一般用户
U003553,0,一般用户
U003554,0,一般用户
U003555,1,一般用户
U003556,1,潜力用户
U003557,0,潜力用户
U003558,2,流失风险用户
U003559,1,一般用户
U003560,0,一般用户
U003561,1,潜力用户
U003562,0,流失风险用户
U003563,0,高价值用户
U003564,0,一般用户
U003565,0,潜力用户
U003566,0,流失风险用户
U003567,0,流失风险用户
U003568,1,高价值用户
U003569,1,一般用户
U003570,0,一般用户
U003571,1,潜力用户
U003572,0,潜力用户
U003573,0,潜力用户
U003574,1,潜力用户
U003575,0,流失风险用户
U003576,0,潜力用户
U003577,0,潜力用户
U003578,0,一般用户
U003579,0,一般用户
U003580,0,一般用户
U003581,1,高价值用户
U003582,1,潜力用户
U003583,0,潜力用户
U003584,1,一般用户
U003585,0,一般用户
U003586,0,流失风险用户
U003587,0,一般用户
U003588,2,流失风险用户
U003589,0,潜力用户
U003590,0,一般用户
U003591,1,一般用户
U003592,0,一般用户
U003593,2,流失风险用户
U003594,0,一般用户
U003595,1,一般用户
U003596,0,一般用户
U003597,0,一般用户
U003598,0,流失风险用户
U003599,1,高价值用户
U003600,2,流失风险用户
U003601,2,一般用户
U003602,1,潜力用户
U003603,0,流失风险用户
U003604,0,一般用户
U003605,1,高价值用户
U003606,0,一般用户
U003607,0,流失风险用户
U003608,0,一般用户
U003609,0,一般用户
U003610,0,潜力用户
U003611,0,高价值用户
U003612,1,一般用户
U003613,0,流失风险用户
U003614,2,流失风险用户
U003615,1,潜力用户
U003616,0,高价值用户
U003617,1,一般用户
U003618,1,潜力用户
U003619,1,流失风险用户
U003620,0,流失风险用户
U003621,1,潜力用户
U003622,0,潜力用户
U003623,2,流失风险用户
U003624,1,一般用户
U003625,0,一般用户
U003626,0,一般用户
U003627,0,流失风险用户
U003628,0,潜力用户
U003629,0,一般用户
U003630,0,一般用户
U003631,0,一般用户
U003632,0,潜力用户
U003633,0,潜力用户
U003634,1,一般用户
U003635,0,一般用户
U003636,1,潜力用户
U003637,2,流失风险用户
U003638,0,一般用户
U003639,0,一般用户
U003640,1,流失风险用户
U003641,0,流失风险用户
U003642,0,潜力用户
U003643,1,高价值用户
U003644,0,流失风险用户
U003645,1,一般用户
U003646,0,潜力用户
U003647,0,潜力用户
U003648,0,流失风险用户
U003649,0,一般用户
U003650,1,高价值用户
U003651,2,流失风险用户
U003652,0,一般用户
U003653,2,流失风险用户
U003654,1,流失风险用户
U003655,0,潜力用户
U003656,1,潜力用户
U003657,2,一般用户
U003658,0,潜力用户
U003659,2,流失风险用户
U003660,0,流失风险用户
U003661,1,潜力用户
U003662,0,高价值用户
U003663,2,流失风险用户
U003664,0,潜力用户
U003665,0,流失风险用户
U003666,1,流失风险用户
U003667,0,一般用户
U003668,0,潜力用户
U003669,0,潜力用户
U003670,1,潜力用户
U003671,0,一般用户
U003672,0,潜力用户
U003673,2,流失风险用户
U003674,0,一般用户
U003675,1,一般用户
U003676,0,一般用户
U003677,0,一般用户
U003678,1,潜力用户
U003679,0,高价值用户
U003680,0,流失风险用户
U003681,2,一般用户
U003682,0,潜力用户
U003683,0,流失风险用户
U003684,0,潜力用户
U003685,1,高价值用户
U003686,0,流失风险用户
U003687,0,高价值用户
U003688,0,一般用户
U003689,1,流失风险用户
U003690,2,流失风险用户
U003691,0,潜力用户
U003692,0,一般用户
U003693,0,潜力用户
U003694,0,潜力用户
U003695,2,流失风险用户
U003696,0,流失风险用户
U003697,0,一般用户
U003698,0,潜力用户
U003699,1,一般用户
U003700,0,潜力用户
U003701,0,潜力用户
U003702,0,流失风险用户
U003703,0,一般用户
U003704,0,一般用户
U003705,0,流失风险用户
U003706,2,流失风险用户
U003707,1,一般用户
U003708,0,高价值用户
U003709,0,流失风险用户
U003710,0,潜力用户
U003711,0,潜力用户
U003712,0,流失风险用户
U003713,0,一般用户
U003714,0,一般用户
U003715,0,一般用户
U003716,0,流失风险用户
U003717,0,一般用户
U003718,0,一般用户
U003719,0,一般用户
U003720,0,一般用户
U003721,0,一般用户
U003722,0,潜力用户
U003723,0,潜力用户
U003724,0,一般用户
U003725,0,一般用户
U003726,0,一般用户
U003727,0,一般用户
U003728,1,潜力用户
U003729,0,潜力用户
U003730,0,一般用户
U003731,0,潜力用户
U003732,1,一般用户
U003733,2,流失风险用户
U003734,0,潜力用户
U003735,0,潜力用户
U003736,2,流失风险用户
U003737,0,潜力用户
U003738,1,潜力用户
U003739,0,流失风险用户
U003740,2,流失风险用户
U003741,2,流失风险用户
U003742,0,流失风险用户
U003743,2,流失风险用户
U003744,1,一般用户
U003745,2,流失风险用户
U003746,0,一般用户
U003747,2,流失风险用户
U003748,0,一般用户
U003749,0,一般用户
U003750,0,潜力用户
U003751,1,一般用户
U003752,2,流失风险用户
U003753,1,一般用户
U003754,1,流失风险用户
U003755,0,一般用户
U003756,2,流失风险用户
U003757,2,流失风险用户
U003758,0,潜力用户
U003759,1,一般用户
U003760,0,潜力用户
U003761,0,潜力用户
U003762,0,流失风险用户
U003763,0,流失风险用户
U003764,1,潜力用户
U003765,2,流失风险用户
U003766,0,流失风险用户
U003767,0,一般用户
U003768,0,高价值用户
U003769,1,流失风险用户
U003770,2,流失风险用户
U003771,2,流失风险用户
U003772,1,流失风险用户
U003773,0,一般用户
U003774,1,高价值用户
U003775,0,潜力用户
U003776,0,一般用户
U003777,0,高价值用户
U003778,0,高价值用户
U003779,2,流失风险用户
U003780,0,潜力用户
U003781,0,流失风险用户
U003782,0,潜力用户
U003783,1,高价值用户
U003784,1,一般用户
U003785,0,潜力用户
U003786,0,高价值用户
U003787,0,一般用户
U003788,1,潜力用户
U003789,1,一般用户
U003790,0,一般用户
U003791,0,一般用户
U003792,0,一般用户
U003793,0,潜力用户
U003794,1,高价值用户
U003795,0,潜力用户
U003796,0,潜力用户
U003797,1,潜力用户
U003798,0,一般用户
U003799,0,一般用户
U003800,0,高价值用户
U003801,1,高价值用户
U003802,1,高价值用户
U003803,0,潜力用户
U003804,0,流失风险用户
U003805,0,流失风险用户
U003806,0,高价值用户
U003807,2,流失风险用户
U003808,0,潜力用户
U003809,1,流失风险用户
U003810,2,流失风险用户
U003811,1,一般用户
U003812,0,潜力用户
U003813,0,潜力用户
U003814,2,流失风险用户
U003815,2,流失风险用户
U003816,0,潜力用户
U003817,0,流失风险用户
U003818,0,潜力用户
U003819,0,潜力用户
U003820,2,一般用户
U003821,0,潜力用户
U003822,0,潜力用户
U003823,0,一般用户
U003824,0,流失风险用户
U003825,1,潜力用户
U003826,0,一般用户
U003827,0,流失风险用户
U003828,0,潜力用户
U003829,0,潜力用户
U003830,2,流失风险用户
U003831,2,流失风险用户
U003832,0,高价值用户
U003833,0,流失风险用户
U003834,0,高价值用户
U003835,2,流失风险用户
U003836,0,一般用户
U003837,1,潜力用户
U003838,1,流失风险用户
U003839,1,高价值用户
U003840,0,潜力用户
U003841,0,潜力用户
U003842,0,一般用户
U003843,0,高价值用户
U003844,0,流失风险用户
U003845,0,一般用户
U003846,1,潜力用户
U003847,0,一般用户
U003848,1,一般用户
U003849,0,潜力用户
U003850,0,潜力用户
U003851,0,一般用户
U003852,0,潜力用户
U003853,0,高价值用户
U003854,1,潜力用户
U003855,2,流失风险用户
U003856,1,一般用户
U003857,0,高价值用户
U003858,1,一般用户
U003859,0,一般用户
U003860,0,潜力用户
U003861,1,一般用户
U003862,0,一般用户
U003863,0,一般用户
U003864,1,潜力用户
U003865,1,潜力用户
U003866,0,潜力用户
U003867,0,一般用户
U003868,0,潜力用户
U003869,0,潜力用户
U003870,1,高价值用户
U003871,0,高价值用户
U003872,0,流失风险用户
U003873,1,流失风险用户
U003874,0,高价值用户
U003875,0,一般用户
U003876,1,高价值用户
U003877,1,一般用户
U003878,0,流失风险用户
U003879,0,潜力用户
U003880,2,流失风险用户
U003881,0,高价值用户
U003882,2,流失风险用户
U003883,2,流失风险用户
U003884,1,潜力用户
U003885,0,高价值用户
U003886,0,潜力用户
U003887,0,潜力用户
U003888,0,潜力用户
U003889,1,潜力用户
U003890,0,流失风险用户
U003891,1,流失风险用户
U003892,0,潜力用户
U003893,0,潜力用户
U003894,0,一般用户
U003895,0,一般用户
U003896,0,潜力用户
U003897,1,一般用户
U003898,0,流失风险用户
U003899,1,潜力用户
U003900,0,潜力用户
U003901,0,潜力用户
U003902,0,高价值用户
U003903,0,潜力用户
U003904,1,一般用户
U003905,0,潜力用户
U003906,0,一般用户
U003907,0,潜力用户
U003908,0,潜力用户
U003909,0,潜力用户
U003910,0,流失风险用户
U003911,0,流失风险用户
U003912,0,潜力用户
U003913,0,潜力用户
U003914,2,流失风险用户
U003915,0,一般用户
U003916,0,潜力用户
U003917,0,潜力用户
U003918,0,高价值用户
U003919,0,潜力用户
U003920,1,流失风险用户
U003921,0,潜力用户
U003922,1,流失风险用户
U003923,1,一般用户
U003924,0,高价值用户
U003925,2,流失风险用户
U003926,0,流失风险用户
U003927,1,流失风险用户
U003928,1,高价值用户
U003929,0,潜力用户
U003930,0,一般用户
U003931,0,高价值用户
U003932,2,流失风险用户
U003933,2,流失风险用户
U003934,2,流失风险用户
U003935,2,流失风险用户
U003936,0,一般用户
U003937,1,高价值用户
U003938,1,潜力用户
U003939,1,高价值用户
U003940,1,潜力用户
U003941,1,流失风险用户
U003942,1,流失风险用户
U003943,1,一般用户
U003944,0,潜力用户
U003945,0,潜力用户
U003946,1,一般用户
U003947,2,流失风险用户
U003948,0,一般用户
U003949,2,流失风险用户
U003950,1,一般用户
U003951,0,一般用户
U003952,0,流失风险用户
U003953,0,流失风险用户
U003954,1,一般用户
U003955,0,一般用户
U003956,0,潜力用户
U003957,0,潜力用户
U003958,0,潜力用户
U003959,0,一般用户
U003960,1,潜力用户
U003961,0,一般用户
U003962,0,一般用户
U003963,0,一般用户
U003964,0,一般用户
U003965,2,流失风险用户
U003966,1,一般用户
U003967,0,流失风险用户
U003968,0,高价值用户
U003969,0,潜力用户
U003970,0,一般用户
U003971,2,流失风险用户
U003972,0,潜力用户
U003973,0,高价值用户
U003974,1,流失风险用户
U003975,0,高价值用户
U003976,0,一般用户
U003977,1,流失风险用户
U003978,1,流失风险用户
U003979,2,流失风险用户
U003980,0,一般用户
U003981,0,流失风险用户
U003982,0,一般用户
U003983,1,潜力用户
U003984,0,一般用户
U003985,0,流失风险用户
U003986,0,高价值用户
U003987,2,流失风险用户
U003988,1,潜力用户
U003989,0,一般用户
U003990,1,潜力用户
U003991,1,一般用户
U003992,0,高价值用户
U003993,0,一般用户
U003994,1,一般用户
U003995,0,一般用户
U003996,0,高价值用户
U003997,0,流失风险用户
U003998,2,一般用户
U003999,0,高价值用户
U004000,0,高价值用户
U004001,0,潜力用户
U004002,0,流失风险用户
U004003,0,流失风险用户
U004004,1,流失风险用户
U004005,0,一般用户
U004006,1,一般用户
U004007,2,流失风险用户
U004008,1,潜力用户
U004009,1,流失风险用户
U004010,0,一般用户
U004011,1,高价值用户
U004012,0,流失风险用户
U004013,1,高价值用户
U004014,0,潜力用户
U004015,0,潜力用户
U004016,0,一般用户
U004017,1,高价值用户
U004018,1,流失风险用户
U004019,1,一般用户
U004020,2,流失风险用户
U004021,0,潜力用户
U004022,0,潜力用户
U004023,0,一般用户
U004024,0,高价值用户
U004025,0,一般用户
U004026,0,高价值用户
U004027,2,流失风险用户
U004028,1,潜力用户
U004029,1,潜力用户
U004030,1,高价值用户
U004031,0,高价值用户
U004032,0,潜力用户
U004033,0,潜力用户
U004034,0,高价值用户
U004035,0,潜力用户
U004036,0,一般用户
U004037,1,一般用户
U004038,0,潜力用户
U004039,1,一般用户
U004040,0,一般用户
U004041,1,高价值用户
U004042,1,潜力用户
U004043,1,高价值用户
U004044,0,一般用户
U004045,1,潜力用户
U004046,0,流失风险用户
U004047,0,一般用户
U004048,0,高价值用户
U004049,0,潜力用户
U004050,0,流失风险用户
U004051,0,潜力用户
U004052,0,一般用户
U004053,0,流失风险用户
U004054,1,流失风险用户
U004055,0,一般用户
U004056,1,高价值用户
U004057,0,潜力用户
U004058,1,潜力用户
U004059,0,一般用户
U004060,0,流失风险用户
U004061,0,高价值用户
U004062,1,流失风险用户
U004063,1,一般用户
U004064,0,高价值用户
U004065,0,一般用户
U004066,1,一般用户
U004067,2,流失风险用户
U004068,0,一般用户
U004069,0,高价值用户
U004070,1,一般用户
U004071,0,一般用户
U004072,0,高价值用户
U004073,0,潜力用户
U004074,0,潜力用户
U004075,1,流失风险用户
U004076,2,流失风险用户
U004077,1,一般用户
U004078,0,潜力用户
U004079,1,潜力用户
U004080,0,潜力用户
U004081,0,一般用户
U004082,2,流失风险用户
U004083,0,潜力用户
U004084,0,一般用户
U004085,0,流失风险用户
U004086,0,潜力用户
U004087,1,一般用户
U004088,0,流失风险用户
U004089,0,一般用户
U004090,1,一般用户
U004091,1,潜力用户
U004092,2,流失风险用户
U004093,0,一般用户
U004094,0,流失风险用户
U004095,1,流失风险用户
U004096,0,流失风险用户
U004097,0,一般用户
U004098,0,潜力用户
U004099,2,流失风险用户
U004100,2,流失风险用户
U004101,1,潜力用户
U004102,0,一般用户
U004103,2,流失风险用户
U004104,0,潜力用户
U004105,0,高价值用户
U004106,1,一般用户
U004107,1,高价值用户
U004108,0,一般用户
U004109,1,潜力用户
U004110,1,潜力用户
U004111,0,流失风险用户
U004112,0,潜力用户
U004113,0,高价值用户
U004114,0,流失风险用户
U004115,0,一般用户
U004116,1,高价值用户
U004117,0,一般用户
U004118,0,高价值用户
U004119,0,流失风险用户
U004120,1,潜力用户
U004121,0,流失风险用户
U004122,0,流失风险用户
U004123,1,潜力用户
U004124,1,一般用户
U004125,0,潜力用户
U004126,1,一般用户
U004127,2,流失风险用户
U004128,1,流失风险用户
U004129,1,潜力用户
U004130,0,流失风险用户
U004131,1,流失风险用户
U004132,0,一般用户
U004133,0,潜力用户
U004134,1,潜力用户
U004135,0,潜力用户
U004136,0,流失风险用户
U004137,0,一般用户
U004138,2,流失风险用户
U004139,0,一般用户
U004140,1,一般用户
U004141,0,潜力用户
U004142,0,潜力用户
U004143,1,一般用户
U004144,0,潜力用户
U004145,0,潜力用户
U004146,1,流失风险用户
U004147,2,流失风险用户
U004148,0,一般用户
U004149,1,流失风险用户
U004150,0,潜力用户
U004151,2,流失风险用户
U004152,0,一般用户
U004153,1,一般用户
U004154,0,潜力用户
U004155,0,高价值用户
U004156,0,潜力用户
U004157,0,一般用户
U004158,0,高价值用户
U004159,0,流失风险用户
U004160,0,高价值用户
U004161,0,流失风险用户
U004162,0,高价值用户
U004163,2,流失风险用户
U004164,1,高价值用户
U004165,1,高价值用户
U004166,0,一般用户
U004167,0,潜力用户
U004168,0,潜力用户
U004169,1,一般用户
U004170,0,潜力用户
U004171,0,一般用户
U004172,0,潜力用户
U004173,1,一般用户
U004174,0,高价值用户
U004175,1,高价值用户
U004176,0,一般用户
U004177,0,一般用户
U004178,1,一般用户
U004179,0,高价值用户
U004180,0,潜力用户
U004181,1,潜力用户
U004182,0,潜力用户
U004183,0,一般用户
U004184,1,一般用户
U004185,0,一般用户
U004186,0,流失风险用户
U004187,0,一般用户
U004188,0,高价值用户
U004189,0,一般用户
U004190,0,一般用户
U004191,0,一般用户
U004192,0,一般用户
U004193,1,一般用户
U004194,0,高价值用户
U004195,1,一般用户
U004196,0,流失风险用户
U004197,0,流失风险用户
U004198,1,潜力用户
U004199,0,高价值用户
U004200,0,一般用户
U004201,2,流失风险用户
U004202,1,一般用户
U004203,0,流失风险用户
U004204,0,一般用户
U004205,1,流失风险用户
U004206,1,高价值用户
U004207,1,潜力用户
U004208,1,潜力用户
U004209,0,潜力用户
U004210,0,潜力用户
U004211,0,流失风险用户
U004212,0,高价值用户
U004213,2,流失风险用户
U004214,0,一般用户
U004215,2,一般用户
U004216,0,潜力用户
U004217,2,流失风险用户
U004218,0,潜力用户
U004219,1,一般用户
U004220,2,流失风险用户
U004221,1,流失风险用户
U004222,0,流失风险用户
U004223,0,高价值用户
U004224,0,潜力用户
U004225,2,流失风险用户
U004226,0,高价值用户
U004227,1,一般用户
U004228,0,一般用户
U004229,0,一般用户
U004230,0,潜力用户
U004231,1,流失风险用户
U004232,0,一般用户
U004233,0,潜力用户
U004234,0,流失风险用户
U004235,1,一般用户
U004236,0,一般用户
U004237,1,一般用户
U004238,0,一般用户
U004239,1,潜力用户
U004240,1,潜力用户
U004241,1,一般用户
U004242,0,流失风险用户
U004243,0,一般用户
U004244,0,潜力用户
U004245,0,流失风险用户
U004246,0,高价值用户
U004247,0,高价值用户
U004248,1,潜力用户
U004249,1,潜力用户
U004250,0,高价值用户
U004251,0,一般用户
U004252,2,流失风险用户
U004253,0,一般用户
U004254,0,潜力用户
U004255,0,一般用户
U004256,0,流失风险用户
U004257,1,一般用户
U004258,1,潜力用户
U004259,2,流失风险用户
U004260,0,潜力用户
U004261,0,潜力用户
U004262,0,流失风险用户
U004263,1,一般用户
U004264,2,一般用户
U004265,0,高价值用户
U004266,0,流失风险用户
U004267,1,一般用户
U004268,0,高价值用户
U004269,2,流失风险用户
U004270,0,高价值用户
U004271,1,一般用户
U004272,2,流失风险用户
U004273,1,高价值用户
U004274,1,高价值用户
U004275,0,高价值用户
U004276,0,高价值用户
U004277,0,一般用户
U004278,0,一般用户
U004279,0,潜力用户
U004280,0,一般用户
U004281,0,潜力用户
U004282,1,流失风险用户
U004283,1,高价值用户
U004284,0,一般用户
U004285,0,高价值用户
U004286,1,一般用户
U004287,1,潜力用户
U004288,0,一般用户
U004289,0,一般用户
U004290,0,一般用户
U004291,0,流失风险用户
U004292,0,一般用户
U004293,0,潜力用户
U004294,0,高价值用户
U004295,1,潜力用户
U004296,0,潜力用户
U004297,0,高价值用户
U004298,0,一般用户
U004299,2,流失风险用户
U004300,0,潜力用户
U004301,2,流失风险用户
U004302,1,高价值用户
U004303,1,一般用户
U004304,2,流失风险用户
U004305,0,流失风险用户
U004306,0,一般用户
U004307,0,流失风险用户
U004308,0,一般用户
U004309,0,一般用户
U004310,1,潜力用户
U004311,1,流失风险用户
U004312,0,一般用户
U004313,0,高价值用户
U004314,2,流失风险用户
U004315,0,高价值用户
U004316,0,流失风险用户
U004317,0,潜力用户
U004318,0,一般用户
U004319,0,潜力用户
U004320,1,高价值用户
U004321,1,潜力用户
U004322,0,潜力用户
U004323,0,流失风险用户
U004324,1,流失风险用户
U004325,0,潜力用户
U004326,0,流失风险用户
U004327,0,潜力用户
U004328,1,潜力用户
U004329,0,潜力用户
U004330,1,流失风险用户
U004331,0,一般用户
U004332,0,高价值用户
U004333,0,一般用户
U004334,1,潜力用户
U004335,1,高价值用户
U004336,1,流失风险用户
U004337,0,潜力用户
U004338,1,高价值用户
U004339,2,流失风险用户
U004340,0,潜力用户
U004341,0,潜力用户
U004342,0,一般用户
U004343,0,高价值用户
U004344,1,高价值用户
U004345,2,流失风险用户
U004346,2,流失风险用户
U004347,0,一般用户
U004348,1,流失风险用户
U004349,1,一般用户
U004350,1,流失风险用户
U004351,0,流失风险用户
U004352,1,一般用户
U004353,0,一般用户
U004354,2,流失风险用户
U004355,1,一般用户
U004356,0,潜力用户
U004357,2,流失风险用户
U004358,0,潜力用户
U004359,0,潜力用户
U004360,2,流失风险用户
U004361,0,高价值用户
U004362,0,潜力用户
U004363,1,一般用户
U004364,0,流失风险用户
U004365,0,潜力用户
U004366,0,流失风险用户
U004367,0,一般用户
U004368,0,潜力用户
U004369,1,流失风险用户
U004370,0,一般用户
U004371,1,一般用户
U004372,0,一般用户
U004373,1,潜力用户
U004374,1,潜力用户
U004375,1,一般用户
U004376,0,高价值用户
U004377,2,流失风险用户
U004378,0,潜力用户
U004379,0,潜力用户
U004380,1,一般用户
U004381,0,流失风险用户
U004382,0,流失风险用户
U004383,0,流失风险用户
U004384,2,流失风险用户
U004385,0,高价值用户
U004386,0,一般用户
U004387,2,流失风险用户
U004388,0,一般用户
U004389,0,一般用户
U004390,2,流失风险用户
U004391,0,一般用户
U004392,1,潜力用户
U004393,2,流失风险用户
U004394,0,高价值用户
U004395,0,高价值用户
U004396,2,流失风险用户
U004397,1,一般用户
U004398,0,一般用户
U004399,2,流失风险用户
U004400,1,潜力用户
U004401,0,流失风险用户
U004402,0,一般用户
U004403,0,潜力用户
U004404,0,潜力用户
U004405,0,一般用户
U004406,2,流失风险用户
U004407,1,一般用户
U004408,0,一般用户
U004409,0,一般用户
U004410,0,潜力用户
U004411,1,一般用户
U004412,0,流失风险用户
U004413,2,流失风险用户
U004414,1,高价值用户
U004415,2,流失风险用户
U004416,0,一般用户
U004417,2,流失风险用户
U004418,2,流失风险用户
U004419,0,潜力用户
U004420,2,流失风险用户
U004421,0,高价值用户
U004422,0,高价值用户
U004423,0,一般用户
U004424,2,流失风险用户
U004425,1,一般用户
U004426,0,潜力用户
U004427,1,潜力用户
U004428,0,潜力用户
U004429,0,高价值用户
U004430,0,潜力用户
U004431,0,高价值用户
U004432,1,潜力用户
U004433,1,一般用户
U004434,0,潜力用户
U004435,0,高价值用户
U004436,1,潜力用户
U004437,0,流失风险用户
U004438,0,流失风险用户
U004439,0,一般用户
U004440,0,潜力用户
U004441,0,一般用户
U004442,1,潜力用户
U004443,0,潜力用户
U004444,0,流失风险用户
U004445,2,流失风险用户
U004446,2,流失风险用户
U004447,0,潜力用户
U004448,0,潜力用户
U004449,1,一般用户
U004450,2,流失风险用户
U004451,0,一般用户
U004452,2,流失风险用户
U004453,0,潜力用户
U004454,1,潜力用户
U004455,0,潜力用户
U004456,1,高价值用户
U004457,0,高价值用户
U004458,1,流失风险用户
U004459,1,高价值用户
U004460,1,潜力用户
U004461,0,一般用户
U004462,2,流失风险用户
U004463,0,流失风险用户
U004464,0,一般用户
U004465,2,流失风险用户
U004466,0,流失风险用户
U004467,0,一般用户
U004468,2,流失风险用户
U004469,0,潜力用户
U004470,1,潜力用户
U004471,0,流失风险用户
U004472,0,一般用户
U004473,0,一般用户
U004474,1,潜力用户
U004475,0,流失风险用户
U004476,0,高价值用户
U004477,0,潜力用户
U004478,1,潜力用户
U004479,0,流失风险用户
U004480,0,潜力用户
U004481,0,高价值用户
U004482,0,流失风险用户
U004483,1,潜力用户
U004484,1,一般用户
U004485,1,一般用户
U004486,0,高价值用户
U004487,1,一般用户
U004488,1,潜力用户
U004489,0,一般用户
U004490,1,流失风险用户
U004491,0,高价值用户
U004492,0,潜力用户
U004493,2,流失风险用户
U004494,0,高价值用户
U004495,1,高价值用户
U004496,0,一般用户
U004497,1,潜力用户
U004498,0,潜力用户
U004499,2,流失风险用户
U004500,0,一般用户
U004501,0,流失风险用户
U004502,1,高价值用户
U004503,1,潜力用户
U004504,0,潜力用户
U004505,2,流失风险用户
U004506,0,高价值用户
U004507,0,潜力用户
U004508,0,潜力用户
U004509,1,流失风险用户
U004510,0,流失风险用户
U004511,0,潜力用户
U004512,0,潜力用户
U004513,1,高价值用户
U004514,0,一般用户
U004515,0,潜力用户
U004516,1,一般用户
U004517,0,潜力用户
U004518,2,流失风险用户
U004519,2,流失风险用户
U004520,0,潜力用户
U004521,0,高价值用户
U004522,0,高价值用户
U004523,0,流失风险用户
U004524,0,一般用户
U004525,0,潜力用户
U004526,0,潜力用户
U004527,2,流失风险用户
U004528,1,潜力用户
U004529,0,流失风险用户
U004530,1,一般用户
U004531,0,潜力用户
U004532,0,流失风险用户
U004533,0,潜力用户
U004534,1,流失风险用户
U004535,0,流失风险用户
U004536,0,流失风险用户
U004537,0,流失风险用户
U004538,0,高价值用户
U004539,1,高价值用户
U004540,0,高价值用户
U004541,0,一般用户
U004542,0,流失风险用户
U004543,2,一般用户
U004544,0,流失风险用户
U004545,0,流失风险用户
U004546,0,一般用户
U004547,0,潜力用户
U004548,0,潜力用户
U004549,0,高价值用户
U004550,0,潜力用户
U004551,0,潜力用户
U004552,1,潜力用户
U004553,0,一般用户
U004554,0,高价值用户
U004555,0,高价值用户
U004556,1,流失风险用户
U004557,2,流失风险用户
U004558,1,一般用户
U004559,0,潜力用户
U004560,0,潜力用户
U004561,2,流失风险用户
U004562,0,流失风险用户
U004563,0,潜力用户
U004564,1,潜力用户
U004565,0,潜力用户
U004566,0,高价值用户
U004567,0,高价值用户
U004568,0,潜力用户
U004569,0,流失风险用户
U004570,1,潜力用户
U004571,0,流失风险用户
U004572,0,潜力用户
U004573,0,一般用户
U004574,0,潜力用户
U004575,0,潜力用户
U004576,0,高价值用户
U004577,1,一般用户
U004578,2,流失风险用户
U004579,0,流失风险用户
U004580,0,一般用户
U004581,0,高价值用户
U004582,1,一般用户
U004583,0,一般用户
U004584,0,一般用户
U004585,0,一般用户
U004586,1,潜力用户
U004587,0,潜力用户
U004588,2,流失风险用户
U004589,0,流失风险用户
U004590,0,高价值用户
U004591,0,潜力用户
U004592,1,潜力用户
U004593,0,潜力用户
U004594,0,一般用户
U004595,2,流失风险用户
U004596,0,一般用户
U004597,0,潜力用户
U004598,2,一般用户
U004599,0,一般用户
U004600,0,一般用户
U004601,1,潜力用户
U004602,0,高价值用户
U004603,0,一般用户
U004604,0,流失风险用户
U004605,0,潜力用户
U004606,0,高价值用户
U004607,0,高价值用户
U004608,1,高价值用户
U004609,0,潜力用户
U004610,0,高价值用户
U004611,0,流失风险用户
U004612,0,高价值用户
U004613,2,流失风险用户
U004614,1,流失风险用户
U004615,0,潜力用户
U004616,1,一般用户
U004617,1,潜力用户
U004618,1,一般用户
U004619,1,一般用户
U004620,2,一般用户
U004621,0,流失风险用户
U004622,0,流失风险用户
U004623,2,流失风险用户
U004624,0,潜力用户
U004625,0,潜力用户
U004626,0,潜力用户
U004627,0,一般用户
U004628,0,潜力用户
U004629,0,高价值用户
U004630,0,一般用户
U004631,0,一般用户
U004632,0,一般用户
U004633,1,潜力用户
U004634,0,潜力用户
U004635,0,潜力用户
U004636,0,高价值用户
U004637,0,高价值用户
U004638,0,流失风险用户
U004639,0,一般用户
U004640,1,潜力用户
U004641,1,一般用户
U004642,0,一般用户
U004643,0,高价值用户
U004644,0,潜力用户
U004645,1,潜力用户
U004646,0,潜力用户
U004647,0,高价值用户
U004648,1,一般用户
U004649,0,潜力用户
U004650,0,高价值用户
U004651,1,流失风险用户
U004652,1,一般用户
U004653,0,一般用户
U004654,1,一般用户
U004655,2,流失风险用户
U004656,1,潜力用户
U004657,1,高价值用户
U004658,0,流失风险用户
U004659,0,潜力用户
U004660,0,一般用户
U004661,1,潜力用户
U004662,0,一般用户
U004663,0,一般用户
U004664,0,一般用户
U004665,0,潜力用户
U004666,0,高价值用户
U004667,1,一般用户
U004668,1,一般用户
U004669,1,高价值用户
U004670,1,潜力用户
U004671,0,高价值用户
U004672,2,流失风险用户
U004673,0,高价值用户
U004674,0,一般用户
U004675,1,高价值用户
U004676,0,潜力用户
U004677,2,流失风险用户
U004678,2,一般用户
U004679,0,高价值用户
U004680,1,高价值用户
U004681,0,一般用户
U004682,2,流失风险用户
U004683,0,流失风险用户
U004684,0,一般用户
U004685,0,潜力用户
U004686,0,一般用户
U004687,0,潜力用户
U004688,1,流失风险用户
U004689,0,潜力用户
U004690,0,高价值用户
U004691,1,潜力用户
U004692,1,潜力用户
U004693,1,一般用户
U004694,0,潜力用户
U004695,2,流失风险用户
U004696,0,一般用户
U004697,0,流失风险用户
U004698,1,一般用户
U004699,0,潜力用户
U004700,0,高价值用户
U004701,0,潜力用户
U004702,0,一般用户
U004703,1,一般用户
U004704,1,一般用户
U004705,2,流失风险用户
U004706,0,高价值用户
U004707,0,潜力用户
U004708,1,潜力用户
U004709,2,流失风险用户
U004710,1,一般用户
U004711,1,高价值用户
U004712,2,流失风险用户
U004713,1,一般用户
U004714,1,一般用户
U004715,0,一般用户
U004716,0,一般用户
U004717,2,流失风险用户
U004718,1,潜力用户
U004719,1,流失风险用户
U004720,2,流失风险用户
U004721,0,一般用户
U004722,0,一般用户
U004723,1,高价值用户
U004724,0,潜力用户
U004725,0,流失风险用户
U004726,1,潜力用户
U004727,1,一般用户
U004728,0,高价值用户
U004729,1,潜力用户
U004730,1,一般用户
U004731,0,一般用户
U004732,0,潜力用户
U004733,0,流失风险用户
U004734,0,一般用户
U004735,0,潜力用户
U004736,0,一般用户
U004737,1,流失风险用户
U004738,0,一般用户
U004739,0,流失风险用户
U004740,1,流失风险用户
U004741,0,潜力用户
U004742,2,一般用户
U004743,1,一般用户
U004744,0,一般用户
U004745,0,潜力用户
U004746,2,流失风险用户
U004747,1,一般用户
U004748,0,潜力用户
U004749,1,潜力用户
U004750,0,高价值用户
U004751,0,潜力用户
U004752,0,高价值用户
U004753,2,流失风险用户
U004754,0,潜力用户
U004755,1,流失风险用户
U004756,0,流失风险用户
U004757,1,一般用户
U004758,0,潜力用户
U004759,2,流失风险用户
U004760,2,流失风险用户
U004761,1,高价值用户
U004762,0,流失风险用户
U004763,1,一般用户
U004764,0,流失风险用户
U004765,1,一般用户
U004766,0,流失风险用户
U004767,0,潜力用户
U004768,0,潜力用户
U004769,0,流失风险用户
U004770,1,高价值用户
U004771,0,一般用户
U004772,0,流失风险用户
U004773,1,流失风险用户
U004774,0,高价值用户
U004775,0,一般用户
U004776,0,高价值用户
U004777,1,一般用户
U004778,2,流失风险用户
U004779,0,一般用户
U004780,0,高价值用户
U004781,0,一般用户
U004782,2,流失风险用户
U004783,1,一般用户
U004784,1,一般用户
U004785,2,流失风险用户
U004786,2,流失风险用户
U004787,1,流失风险用户
U004788,2,流失风险用户
U004789,1,一般用户
U004790,0,一般用户
U004791,0,一般用户
U004792,0,流失风险用户
U004793,0,潜力用户
U004794,1,一般用户
U004795,0,潜力用户
U004796,2,流失风险用户
U004797,1,潜力用户
U004798,1,流失风险用户
U004799,1,潜力用户
U004800,1,一般用户
U004801,0,高价值用户
U004802,0,潜力用户
U004803,1,一般用户
U004804,0,高价值用户
U004805,0,潜力用户
U004806,1,高价值用户
U004807,1,潜力用户
U004808,0,高价值用户
U004809,0,一般用户
U004810,0,潜力用户
U004811,0,流失风险用户
U004812,1,高价值用户
U004813,0,一般用户
U004814,0,潜力用户
U004815,0,潜力用户
U004816,0,潜力用户
U004817,2,流失风险用户
U004818,0,一般用户
U004819,0,一般用户
U004820,1,流失风险用户
U004821,0,一般用户
U004822,0,一般用户
U004823,0,一般用户
U004824,1,一般用户
U004825,0,高价值用户
U004826,0,高价值用户
U004827,0,一般用户
U004828,2,流失风险用户
U004829,1,潜力用户
U004830,0,高价值用户
U004831,0,潜力用户
U004832,0,潜力用户
U004833,0,高价值用户
U004834,2,流失风险用户
U004835,0,流失风险用户
U004836,0,潜力用户
U004837,2,流失风险用户
U004838,2,流失风险用户
U004839,0,一般用户
U004840,1,高价值用户
U004841,0,潜力用户
U004842,0,高价值用户
U004843,1,潜力用户
U004844,0,高价值用户
U004845,0,高价值用户
U004846,0,高价值用户
U004847,0,潜力用户
U004848,0,一般用户
U004849,0,一般用户
U004850,0,高价值用户
U004851,0,高价值用户
U004852,0,一般用户
U004853,0,一般用户
U004854,0,流失风险用户
U004855,0,高价值用户
U004856,0,一般用户
U004857,0,一般用户
U004858,0,潜力用户
U004859,0,流失风险用户
U004860,0,一般用户
U004861,1,一般用户
U004862,0,潜力用户
U004863,1,一般用户
U004864,0,潜力用户
U004865,0,一般用户
U004866,0,潜力用户
U004867,1,流失风险用户
U004868,1,一般用户
U004869,0,流失风险用户
U004870,0,一般用户
U004871,0,流失风险用户
U004872,0,潜力用户
U004873,0,流失风险用户
U004874,2,流失风险用户
U004875,0,流失风险用户
U004876,0,一般用户
U004877,2,流失风险用户
U004878,0,潜力用户
U004879,0,一般用户
U004880,0,潜力用户
U004881,0,潜力用户
U004882,0,一般用户
U004883,0,高价值用户
U004884,0,潜力用户
U004885,0,流失风险用户
U004886,1,一般用户
U004887,1,潜力用户
U004888,0,潜力用户
U004889,0,潜力用户
U004890,0,一般用户
U004891,0,潜力用户
U004892,0,高价值用户
U004893,1,潜力用户
U004894,0,潜力用户
U004895,2,流失风险用户
U004896,0,一般用户
U004897,1,潜力用户
U004898,0,流失风险用户
U004899,0,一般用户
U004900,0,潜力用户
U004901,0,流失风险用户
U004902,1,一般用户
U004903,1,一般用户
U004904,0,流失风险用户
U004905,1,高价值用户
U004906,0,一般用户
U004907,2,流失风险用户
U004908,0,潜力用户
U004909,2,流失风险用户
U004910,0,一般用户
U004911,1,潜力用户
U004912,2,流失风险用户
U004913,1,一般用户
U004914,0,流失风险用户
U004915,1,一般用户
U004916,0,潜力用户
U004917,0,潜力用户
U004918,0,潜力用户
U004919,0,潜力用户
U004920,0,潜力用户
U004921,0,高价值用户
U004922,2,流失风险用户
U004923,0,高价值用户
U004924,1,潜力用户
U004925,2,流失风险用户
U004926,0,高价值用户
U004927,0,高价值用户
U004928,0,潜力用户
U004929,1,一般用户
U004930,0,流失风险用户
U004931,1,潜力用户
U004932,0,高价值用户
U004933,2,流失风险用户
U004934,0,高价值用户
U004935,1,流失风险用户
U004936,0,高价值用户
U004937,0,一般用户
U004938,0,高价值用户
U004939,0,一般用户
U004940,0,流失风险用户
U004941,0,高价值用户
U004942,0,潜力用户
U004943,0,潜力用户
U004944,0,潜力用户
U004945,1,一般用户
U004946,0,高价值用户
U004947,1,潜力用户
U004948,0,流失风险用户
U004949,0,流失风险用户
U004950,2,流失风险用户
U004951,0,流失风险用户
U004952,0,高价值用户
U004953,0,一般用户
U004954,1,流失风险用户
U004955,0,潜力用户
U004956,2,流失风险用户
U004957,0,一般用户
U004958,1,流失风险用户
U004959,0,潜力用户
U004960,2,流失风险用户
U004961,1,潜力用户
U004962,0,流失风险用户
U004963,0,潜力用户
U004964,1,高价值用户
U004965,1,潜力用户
U004966,1,流失风险用户
U004967,0,高价值用户
U004968,1,高价值用户
U004969,0,流失风险用户
U004970,0,流失风险用户
U004971,2,流失风险用户
U004972,0,潜力用户
U004973,0,流失风险用户
U004974,0,潜力用户
U004975,2,流失风险用户
U004976,1,一般用户
U004977,0,高价值用户
U004978,0,一般用户
U004979,0,潜力用户
U004980,0,流失风险用户
U004981,0,一般用户
U004982,0,一般用户
U004983,1,潜力用户
U004984,0,高价值用户
U004985,0,潜力用户
U004986,0,一般用户
U004987,0,一般用户
U004988,0,潜力用户
U004989,0,潜力用户
U004990,0,潜力用户
U004991,0,一般用户
U004992,0,流失风险用户
U004993,0,高价值用户
U004994,1,高价值用户
U004995,1,高价值用户
U004996,0,潜力用户
U004997,0,潜力用户
U004998,0,潜力用户
U004999,2,一般用户
U005000,2,流失风险用户
